U,I
0.001075268817204301,4.887585532746823e-06
0.002150537634408602,0.0
0.00967741935483871,9.775171065493646e-06
-0.035483870967741936,0.00020527859237536657
0.019354838709677417,0.0
0.023655913978494623,9.775171065493646e-06
0.019354838709677417,9.775171065493646e-06
0.022580645161290325,4.887585532746823e-06
0.03870967741935484,0.0
0.031182795698924733,1.466275659824047e-05
0.03225806451612903,1.466275659824047e-05
0.01075268817204301,0.00011241446725317693
0.04193548387096774,1.466275659824047e-05
0.034408602150537634,3.9100684261974585e-05
0.03655913978494624,0.0
0.048387096774193554,9.775171065493646e-06
0.05591397849462365,0.0
0.05591397849462366,0.0
0.06129032258064516,0.0
0.06021505376344086,1.466275659824047e-05
0.05483870967741936,4.398826979472141e-05
0.06774193548387097,0.0
0.07526881720430108,0.0
0.07956989247311828,4.887585532746823e-06
0.07526881720430108,0.0
0.08279569892473117,4.887585532746823e-06
0.07634408602150537,1.9550342130987292e-05
0.06666666666666667,0.00011241446725317693
0.08602150537634408,9.775171065493646e-06
0.09139784946236561,9.775171065493646e-06
0.0989247311827957,9.775171065493646e-06
0.0989247311827957,9.775171065493646e-06
0.0989247311827957,9.775171065493646e-06
0.11075268817204302,9.775171065493646e-06
0.10752688172043011,9.775171065493646e-06
0.11612903225806452,0.0
0.11720430107526882,4.887585532746823e-06
0.11827956989247311,9.775171065493646e-06
0.1193548387096774,1.9550342130987292e-05
0.1247311827956989,9.775171065493646e-06
0.12580645161290324,1.9550342130987292e-05
0.12903225806451613,1.466275659824047e-05
0.13333333333333333,2.4437927663734115e-05
0.13548387096774195,0.0
0.13870967741935483,0.0
0.14946236559139783,0.0
0.15483870967741933,0.0
0.14731182795698924,4.887585532746823e-06
0.16129032258064516,4.887585532746823e-06
0.16129032258064516,0.0
0.16129032258064516,9.775171065493646e-06
0.15591397849462366,4.887585532746823e-06
0.16989247311827957,4.887585532746823e-06
0.16881720430107527,1.466275659824047e-05
0.14731182795698924,0.00010752688172043012
0.17204301075268816,2.932551319648094e-05
0.15698924731182795,0.00011241446725317693
0.18387096774193548,1.466275659824047e-05
0.1924731182795699,4.887585532746823e-06
0.17849462365591398,6.842619745845552e-05
0.1924731182795699,1.9550342130987292e-05
0.18817204301075272,3.9100684261974585e-05
0.18924731182795698,1.9550342130987292e-05
0.1978494623655914,1.466275659824047e-05
0.16021505376344086,0.00021505376344086021
0.19892473118279566,0.0001270772238514174
0.2064516129032258,9.775171065493646e-06
0.2129032258064516,9.775171065493646e-06
0.2172043010752688,4.887585532746823e-06
0.23763440860215054,4.887585532746823e-06
0.22688172043010754,4.887585532746823e-06
0.2075268817204301,9.286412512218964e-05
0.2236559139784946,4.887585532746823e-06
0.22688172043010754,4.887585532746823e-06
0.24301075268817204,4.887585532746823e-06
0.23548387096774193,2.932551319648094e-05
0.2387096774193548,1.9550342130987292e-05
0.25268817204301075,4.887585532746823e-06
0.253763440860215,1.9550342130987292e-05
0.26666666666666666,2.4437927663734115e-05
0.25483870967741934,9.775171065493646e-06
0.26021505376344084,4.887585532746823e-06
0.267741935483871,0.0
0.26666666666666666,0.0
0.2752688172043011,1.466275659824047e-05
0.2709677419354839,1.9550342130987292e-05
0.275268817204301,0.0
0.27741935483870966,9.775171065493646e-06
0.2817204301075269,4.887585532746823e-06
0.2860215053763441,3.421309872922776e-05
0.2870967741935484,1.466275659824047e-05
0.2924731182795699,1.466275659824047e-05
0.2924731182795699,4.887585532746823e-06
0.2967741935483871,4.887585532746823e-06
0.2978494623655914,4.887585532746823e-06
0.30430107526881717,4.887585532746823e-06
0.2946236559139785,7.331378299120235e-05
0.27419354838709675,0.00010752688172043011
0.3086021505376344,4.887585532746823e-06
0.3161290322580645,4.887585532746823e-06
0.31935483870967746,0.0
0.32580645161290317,4.887585532746823e-06
0.3301075268817204,4.887585532746823e-06
0.3333333333333333,4.887585532746823e-06
0.32688172043010755,0.0
0.3365591397849463,4.887585532746823e-06
0.3365591397849463,2.932551319648094e-05
0.3387096774193548,4.887585532746823e-06
0.3419354838709678,1.466275659824047e-05
0.3505376344086022,9.775171065493646e-06
0.35376344086021505,4.887585532746823e-06
0.34838709677419355,4.887585532746823e-06
0.3612903225806452,4.887585532746823e-06
0.3580645161290323,0.0
0.36236559139784946,4.887585532746823e-06
0.3655913978494623,0.0
0.36451612903225805,1.466275659824047e-05
0.36451612903225805,3.421309872922776e-05
0.3752688172043011,0.0
0.3817204301075268,0.0
0.38387096774193546,0.0
0.3795698924731183,9.775171065493646e-06
0.3913978494623656,1.466275659824047e-05
0.38924731182795697,2.932551319648094e-05
0.3913978494623656,4.887585532746823e-05
0.3946236559139786,1.9550342130987292e-05
0.3924731182795698,0.00011241446725317693
0.4075268817204301,1.466275659824047e-05
0.41075268817204297,4.887585532746823e-06
0.41612903225806447,4.887585532746823e-06
0.41182795698924735,0.0
0.41935483870967744,4.887585532746823e-06
0.42688172043010747,0.0
0.41612903225806447,0.0
0.4344086021505376,0.0
0.4236559139784946,9.775171065493646e-06
0.4322580645161291,1.9550342130987292e-05
0.4419354838709677,0.0
0.4344086021505376,4.887585532746823e-06
0.43655913978494626,1.466275659824047e-05
0.44408602150537635,4.887585532746823e-06
0.4505376344086021,9.775171065493646e-06
0.44408602150537635,9.775171065493646e-06
0.4526881720430107,9.775171065493646e-06
0.45806451612903226,9.775171065493646e-06
0.467741935483871,0.0
0.4666666666666666,0.0
0.45483870967741935,1.466275659824047e-05
0.47311827956989244,0.0
0.47741935483870973,9.775171065493646e-06
0.4731182795698925,0.0
0.46021505376344085,0.00010752688172043011
0.48817204301075273,4.887585532746823e-06
0.4634408602150537,0.0001270772238514174
0.4946236559139785,4.887585532746823e-06
0.49784946236559136,9.775171065493646e-06
0.503225806451613,0.0
0.49892473118279573,0.0
0.5021505376344085,0.0
0.5021505376344085,2.4437927663734115e-05
0.5053763440860215,4.887585532746823e-06
0.513978494623656,0.0
0.503225806451613,2.4437927663734115e-05
0.5204301075268818,0.0
0.5279569892473118,0.0
0.5322580645161291,4.887585532746823e-06
0.5311827956989247,0.0
0.518279569892473,2.4437927663734115e-05
0.5365591397849463,1.466275659824047e-05
0.5096774193548387,0.00011241446725317693
0.5397849462365591,9.775171065493646e-06
0.543010752688172,1.466275659824047e-05
0.5290322580645163,0.00013685239491691105
0.5365591397849462,3.9100684261974585e-05
0.5591397849462366,0.0
0.5580645161290323,0.0
0.5559139784946238,1.9550342130987292e-05
0.5688172043010753,0.0
0.567741935483871,9.775171065493646e-06
0.5698924731182795,2.932551319648094e-05
0.5752688172043011,9.775171065493646e-06
0.5806451612903226,1.466275659824047e-05
0.578494623655914,4.887585532746823e-06
0.5806451612903225,4.887585532746823e-06
0.589247311827957,1.466275659824047e-05
0.589247311827957,9.775171065493646e-06
0.5903225806451613,1.9550342130987292e-05
0.6000000000000001,0.0
0.6021505376344086,4.887585532746823e-06
0.610752688172043,4.887585532746823e-06
0.6075268817204301,4.887585532746823e-06
0.6129032258064516,0.0
0.6161290322580645,9.775171065493646e-06
0.6139784946236558,2.4437927663734115e-05
0.6236559139784946,0.0
0.6247311827956988,4.887585532746823e-06
0.6322580645161291,0.0
0.6279569892473118,2.4437927663734115e-05
0.6258064516129033,8.308895405669599e-05
0.6225806451612903,6.353861192570871e-05
0.6322580645161291,9.775171065493646e-06
0.6247311827956991,0.00010752688172043011
0.6440860215053763,9.775171065493646e-06
0.6483870967741936,9.775171065493646e-06
0.6516129032258063,1.466275659824047e-05
0.6569892473118281,4.887585532746823e-06
0.6333333333333333,0.00010263929618768328
0.6688172043010754,4.887585532746823e-06
0.6602150537634409,4.887585532746823e-06
0.6473118279569893,0.00010752688172043011
0.6688172043010753,2.932551319648094e-05
0.6763440860215053,0.0
0.6752688172043011,0.0
0.6827956989247311,0.0
0.6731182795698926,2.4437927663734115e-05
0.6903225806451613,0.0
0.6924731182795698,0.0
0.6903225806451614,9.775171065493646e-06
0.6967741935483871,9.775171065493646e-06
0.6849462365591398,8.797653958944282e-05
0.7075268817204301,0.0
0.7064516129032258,0.0
0.6989247311827956,3.421309872922776e-05
0.7129032258064517,1.466275659824047e-05
0.7193548387096774,9.775171065493646e-06
0.7129032258064516,3.9100684261974585e-05
0.7215053763440861,9.775171065493646e-06
0.7301075268817204,9.775171065493646e-06
0.7225806451612904,4.887585532746823e-06
0.7301075268817204,1.466275659824047e-05
0.7129032258064516,0.00010752688172043011
0.7430107526881721,0.0
0.7548387096774194,9.775171065493646e-06
0.7483870967741936,0.0
0.7537634408602151,0.0
0.7419354838709676,5.3763440860215054e-05
0.7537634408602151,2.932551319648094e-05
0.7548387096774194,4.887585532746823e-06
0.7634408602150539,0.0
0.7602150537634409,2.932551319648094e-05
0.7688172043010754,9.775171065493646e-06
0.7623655913978494,5.3763440860215054e-05
0.7763440860215054,0.0
0.7763440860215054,1.9550342130987292e-05
0.7774193548387096,0.0
0.7838709677419354,0.0
0.7892473118279569,4.887585532746823e-06
0.7989247311827956,0.0
0.7892473118279569,0.0
0.8032258064516129,4.887585532746823e-06
0.8010752688172044,4.887585532746823e-06
0.8010752688172044,1.9550342130987292e-05
0.8182795698924732,4.887585532746823e-06
0.8075268817204302,4.887585532746823e-06
0.8107526881720432,1.9550342130987292e-05
0.8129032258064517,9.775171065493646e-06
0.8161290322580647,4.887585532746823e-06
0.8290322580645162,0.0
0.8290322580645161,0.0
0.8236559139784946,1.466275659824047e-05
0.8333333333333334,9.775171065493646e-06
0.8408602150537634,9.775171065493646e-06
0.8387096774193549,0.0
0.8365591397849462,1.466275659824047e-05
0.8440860215053764,0.0
0.8451612903225806,1.9550342130987292e-05
0.8473118279569892,2.932551319648094e-05
0.8537634408602152,4.887585532746823e-06
0.8580645161290322,9.775171065493646e-06
0.8612903225806452,4.887585532746823e-06
0.8537634408602149,5.3763440860215054e-05
0.8666666666666667,0.0
0.8709677419354839,2.4437927663734115e-05
0.8741935483870967,4.887585532746823e-06
0.881720430107527,4.887585532746823e-06
0.8709677419354839,4.887585532746823e-06
0.8870967741935484,4.887585532746823e-06
0.9010752688172042,0.0
0.8935483870967742,1.466275659824047e-05
0.8881720430107527,1.9550342130987292e-05
0.89247311827957,3.9100684261974585e-05
0.8946236559139784,1.9550342130987292e-05
0.8806451612903227,0.00010263929618768328
0.9053763440860215,9.775171065493646e-06
0.9064516129032257,1.9550342130987292e-05
0.9064516129032257,3.421309872922776e-05
0.913978494623656,0.0
0.9344086021505377,0.0
0.924731182795699,9.775171065493646e-06
0.9258064516129032,0.0
0.9311827956989247,1.466275659824047e-05
0.9301075268817204,1.9550342130987292e-05
0.9279569892473117,9.775171065493646e-06
0.9365591397849462,1.466275659824047e-05
0.9333333333333335,4.887585532746823e-06
0.9376344086021505,1.9550342130987292e-05
0.9505376344086022,4.887585532746823e-06
0.9473118279569892,1.9550342130987292e-05
0.9526881720430108,4.887585532746823e-06
0.9591397849462365,1.466275659824047e-05
0.9655913978494625,4.887585532746823e-06
0.9591397849462365,0.0
0.967741935483871,9.775171065493646e-06
0.9720430107526883,9.775171065493646e-06
0.9688172043010753,9.775171065493646e-06
0.9720430107526882,9.775171065493646e-06
0.967741935483871,5.865102639296188e-05
0.9580645161290323,9.286412512218964e-05
0.981720430107527,1.9550342130987292e-05
0.981720430107527,4.887585532746823e-06
0.989247311827957,9.775171065493646e-06
0.99247311827957,4.887585532746823e-06
0.9935483870967742,4.887585532746823e-06
1.0021505376344084,9.775171065493646e-06
1.0010752688172042,2.4437927663734115e-05
1.0075268817204304,1.466275659824047e-05
1.004301075268817,0.0
1.01505376344086,9.775171065493646e-06
1.01505376344086,9.775171065493646e-06
1.0225806451612904,0.0
1.0247311827956989,9.775171065493646e-06
1.0301075268817204,0.0
1.025806451612903,3.9100684261974585e-05
1.0268817204301075,1.9550342130987292e-05
1.0322580645161292,4.887585532746823e-05
1.0397849462365591,1.466275659824047e-05
1.0569892473118279,9.775171065493646e-06
1.038709677419355,4.887585532746823e-06
1.0462365591397849,2.932551319648094e-05
1.060215053763441,0.0
1.0505376344086024,2.932551319648094e-05
1.0591397849462367,4.887585532746823e-06
1.060215053763441,9.775171065493646e-06
1.0645161290322582,1.466275659824047e-05
1.0516129032258066,9.775171065493646e-05
1.070967741935484,1.466275659824047e-05
1.0698924731182797,2.4437927663734115e-05
1.0763440860215052,9.775171065493646e-06
1.0849462365591398,0.0
1.086021505376344,9.775171065493646e-06
1.0870967741935484,1.466275659824047e-05
1.1000000000000003,3.421309872922776e-05
1.089247311827957,1.466275659824047e-05
1.0967741935483872,9.775171065493646e-06
1.103225806451613,0.0
1.1096774193548387,4.887585532746823e-06
1.1150537634408602,1.466275659824047e-05
1.0989247311827957,5.865102639296188e-05
1.09247311827957,9.286412512218964e-05
1.0956989247311828,9.775171065493646e-05
1.1215053763440859,4.887585532746823e-06
1.1064516129032258,5.865102639296188e-05
1.1279569892473118,9.775171065493646e-06
1.1322580645161289,4.887585532746823e-06
1.1268817204301076,9.775171065493646e-06
1.1344086021505377,0.0
1.1408602150537634,9.775171065493646e-06
1.1397849462365592,1.9550342130987292e-05
1.1580645161290324,4.887585532746823e-06
1.1430107526881723,0.0
1.146236559139785,9.775171065493646e-06
1.1430107526881723,2.932551319648094e-05
1.1559139784946237,9.775171065493646e-06
1.1623655913978495,4.887585532746823e-06
1.161290322580645,4.887585532746823e-06
1.1645161290322579,2.4437927663734115e-05
1.164516129032258,2.932551319648094e-05
1.175268817204301,1.9550342130987292e-05
1.1752688172043009,9.775171065493646e-06
1.1655913978494625,2.4437927663734115e-05
1.1838709677419355,0.0
1.1903225806451614,4.887585532746823e-06
1.189247311827957,0.0
1.1903225806451612,1.466275659824047e-05
1.2129032258064518,4.887585532746823e-06
1.1913978494623656,9.775171065493646e-06
1.2010752688172044,9.775171065493646e-06
1.1978494623655915,0.0
1.2161290322580645,0.0
1.2193548387096775,9.775171065493646e-06
1.2129032258064518,4.887585532746823e-06
1.221505376344086,0.0
1.224731182795699,0.0
1.2376344086021505,4.887585532746823e-06
1.229032258064516,9.775171065493646e-06
1.2354838709677418,1.466275659824047e-05
1.2344086021505376,0.0
1.2408602150537635,4.887585532746823e-06
1.225806451612903,8.797653958944282e-05
1.2376344086021505,0.0001026392961876833
1.2473118279569892,4.887585532746823e-06
1.2322580645161292,9.775171065493646e-05
1.2526881720430108,1.466275659824047e-05
1.256989247311828,4.887585532746823e-06
1.260215053763441,0.0
1.261290322580645,4.887585532746823e-06
1.2645161290322582,1.9550342130987292e-05
1.270967741935484,0.0
1.2709677419354841,4.887585532746823e-06
1.2731182795698925,4.887585532746823e-06
1.2795698924731185,4.887585532746823e-06
1.2752688172043012,4.887585532746823e-06
1.2978494623655914,0.0
1.2892473118279568,1.9550342130987292e-05
1.2946236559139785,0.0
1.2989247311827958,0.0
1.3032258064516127,9.775171065493646e-06
1.3043010752688171,0.0
1.303225806451613,9.775171065493646e-06
1.3053763440860215,3.421309872922776e-05
1.3150537634408603,4.887585532746823e-06
1.3139784946236561,4.887585532746823e-06
1.3225806451612903,4.887585532746823e-06
1.3204301075268816,4.887585532746823e-06
1.3268817204301075,0.0
1.3225806451612903,2.932551319648094e-05
1.3311827956989248,4.887585532746823e-06
1.3247311827956991,4.887585532746823e-06
1.3193548387096774,7.331378299120235e-05
1.3440860215053763,9.775171065493646e-06
1.3462365591397851,4.887585532746823e-06
1.345161290322581,0.0
1.3397849462365592,2.4437927663734115e-05
1.3526881720430108,4.887585532746823e-06
1.360215053763441,4.887585532746823e-06
1.3548387096774193,0.0
1.3634408602150536,1.466275659824047e-05
1.364516129032258,0.0
1.370967741935484,0.0
1.3688172043010753,0.0
1.3473118279569893,9.286412512218964e-05
1.3698924731182796,1.9550342130987292e-05
1.3827956989247312,1.466275659824047e-05
1.3827956989247312,4.887585532746823e-06
1.3892473118279571,9.775171065493646e-06
1.3956989247311826,0.0
1.3849462365591396,9.775171065493646e-06
1.396774193548387,4.887585532746823e-06
1.403225806451613,4.887585532746823e-06
1.403225806451613,4.887585532746823e-06
1.4107526881720431,0.0
1.403225806451613,4.887585532746823e-05
1.4107526881720431,1.9550342130987292e-05
1.4107526881720431,3.9100684261974585e-05
1.418279569892473,4.887585532746823e-06
1.4193548387096773,4.887585532746823e-06
1.4247311827956988,0.0
1.409677419354839,9.775171065493646e-05
1.4322580645161291,0.0
1.441935483870968,4.887585532746823e-06
1.4344086021505376,9.775171065493646e-06
1.424731182795699,7.331378299120235e-05
1.450537634408602,0.0
1.4537634408602151,0.0
1.4473118279569892,3.421309872922776e-05
1.4494623655913976,1.9550342130987292e-05
1.4580645161290322,2.4437927663734115e-05
1.4602150537634409,1.466275659824047e-05
1.4688172043010752,0.0
1.4731182795698923,4.887585532746823e-06
1.4688172043010752,2.4437927663734115e-05
1.4752688172043011,2.4437927663734115e-05
1.4752688172043011,1.9550342130987292e-05
1.4774193548387096,0.0
1.5010752688172042,0.0
1.489247311827957,0.0
1.4903225806451612,9.775171065493646e-06
1.495698924731183,9.775171065493646e-06
1.493548387096774,0.0
1.5053763440860213,0.0
1.495698924731183,6.842619745845552e-05
1.506451612903226,0.0
1.5118279569892472,4.887585532746823e-06
1.51505376344086,9.775171065493646e-06
1.5075268817204301,4.398826979472141e-05
1.5204301075268818,1.9550342130987292e-05
1.5129032258064516,9.775171065493646e-06
1.5301075268817204,9.775171065493646e-06
1.5268817204301073,8.308895405669599e-05
1.5333333333333334,1.466275659824047e-05
1.536559139784946,0.0
1.5419354838709678,0.0
1.5376344086021507,9.775171065493646e-06
1.5580645161290325,4.887585532746823e-06
1.5483870967741933,1.466275659824047e-05
1.553763440860215,0.0
1.553763440860215,1.466275659824047e-05
1.5655913978494624,9.775171065493646e-06
1.5655913978494624,0.0
1.564516129032258,1.466275659824047e-05
1.5419354838709678,0.00010752688172043012
1.5741935483870968,9.775171065493646e-06
1.5720430107526882,4.887585532746823e-06
1.5731182795698926,2.932551319648094e-05
1.5838709677419356,9.775171065493646e-06
1.568817204301075,2.4437927663734115e-05
1.590322580645161,4.887585532746823e-06
1.581720430107527,4.887585532746823e-06
1.5935483870967742,1.466275659824047e-05
1.5999999999999999,0.0
1.6021505376344087,4.887585532746823e-06
1.613978494623656,0.0
1.6064516129032258,2.4437927663734115e-05
1.6064516129032256,4.887585532746823e-06
1.6096774193548387,9.775171065493646e-06
1.6096774193548387,9.775171065493646e-06
1.6193548387096772,1.9550342130987292e-05
1.62258064516129,4.887585532746823e-06
1.6129032258064517,7.820136852394917e-05
1.6247311827956992,1.466275659824047e-05
1.6516129032258062,0.0
1.635483870967742,9.775171065493646e-06
1.6311827956989247,1.9550342130987292e-05
1.6451612903225807,0.0
1.6419354838709677,0.0
1.6494623655913978,1.466275659824047e-05
1.6419354838709677,2.4437927663734115e-05
1.6548387096774195,9.775171065493646e-06
1.646236559139785,5.865102639296188e-05
1.6602150537634408,1.466275659824047e-05
1.6623655913978492,4.887585532746823e-06
1.6473118279569892,0.00011241446725317693
1.6655913978494625,4.398826979472141e-05
1.6795698924731182,4.887585532746823e-06
1.6795698924731184,0.0
1.6795698924731184,4.887585532746823e-06
1.6860215053763443,4.887585532746823e-06
1.6838709677419355,9.775171065493646e-06
1.6881720430107527,1.9550342130987292e-05
1.6903225806451612,4.887585532746823e-06
1.6946236559139785,0.0
1.7010752688172044,1.9550342130987292e-05
1.7053763440860215,0.0
1.7010752688172044,9.775171065493646e-06
1.7075268817204303,1.466275659824047e-05
1.7086021505376345,1.466275659824047e-05
1.7225806451612904,3.421309872922776e-05
1.6924731182795698,0.00010752688172043012
1.7268817204301075,0.0
1.7268817204301075,0.0
1.7247311827956988,0.0
1.7301075268817205,1.466275659824047e-05
1.7333333333333332,0.0
1.7301075268817205,4.398826979472141e-05
1.7387096774193551,9.775171065493646e-06
1.747311827956989,0.0
1.7440860215053764,4.887585532746823e-06
1.756989247311828,0.0
1.7526881720430108,2.4437927663734115e-05
1.763440860215054,0.0
1.7505376344086023,4.398826979472141e-05
1.7698924731182795,0.0
1.7634408602150538,0.0
1.764516129032258,3.9100684261974585e-05
1.7688172043010753,9.775171065493646e-06
1.7806451612903225,0.0
1.778494623655914,9.775171065493646e-06
1.7655913978494624,5.865102639296188e-05
1.78494623655914,9.775171065493646e-06
1.7881720430107528,9.775171065493646e-06
1.7817204301075271,1.466275659824047e-05
1.7913978494623655,4.887585532746823e-06
1.7763440860215054,0.00010752688172043011
1.8075268817204302,4.887585532746823e-06
1.8021505376344085,1.9550342130987292e-05
1.8086021505376344,9.775171065493646e-06
1.8161290322580648,9.775171065493646e-06
1.8118279569892473,9.775171065493646e-06
1.8279569892473118,4.887585532746823e-06
1.8301075268817204,0.0
1.7967741935483872,0.00010752688172043012
1.8225806451612903,4.887585532746823e-06
1.832258064516129,1.466275659824047e-05
1.8365591397849463,4.887585532746823e-06
1.8408602150537634,0.0
1.8408602150537634,1.9550342130987292e-05
1.838709677419355,2.4437927663734115e-05
1.849462365591398,9.775171065493646e-06
1.8397849462365592,4.887585532746823e-06
1.8569892473118281,4.887585532746823e-06
1.855913978494624,4.887585532746823e-06
1.860215053763441,9.775171065493646e-06
1.860215053763441,1.466275659824047e-05
1.864516129032258,4.887585532746823e-06
1.8655913978494623,1.9550342130987292e-05
1.8666666666666665,9.775171065493646e-06
1.8698924731182796,4.887585532746823e-06
1.8827956989247312,4.887585532746823e-06
1.8806451612903228,4.887585532746823e-06
1.8827956989247312,9.775171065493646e-06
1.888172043010753,9.775171065493646e-06
1.89247311827957,0.0
1.8978494623655913,9.775171065493646e-06
1.8881720430107525,3.421309872922776e-05
1.9043010752688172,4.887585532746823e-06
1.903225806451613,4.887585532746823e-06
1.918279569892473,0.0
1.909677419354839,4.887585532746823e-06
1.9193548387096773,0.0
1.9150537634408602,4.887585532746823e-06
1.9215053763440861,4.887585532746823e-06
1.9279569892473118,0.0
1.9258064516129032,9.775171065493646e-06
1.9268817204301076,3.421309872922776e-05
1.9322580645161291,2.4437927663734115e-05
1.9344086021505378,1.9550342130987292e-05
1.9376344086021504,4.887585532746823e-06
1.9483870967741936,1.466275659824047e-05
1.939784946236559,2.932551319648094e-05
1.946236559139785,2.4437927663734115e-05
1.9268817204301076,0.00011241446725317694
1.956989247311828,9.775171065493646e-06
1.967741935483871,4.887585532746823e-06
1.9580645161290324,1.9550342130987292e-05
1.963440860215054,0.0
1.9688172043010752,2.4437927663734115e-05
1.972043010752688,9.775171065493646e-06
1.9763440860215056,4.887585532746823e-06
1.9806451612903224,4.887585532746823e-06
1.9806451612903224,4.887585532746823e-06
1.989247311827957,4.887585532746823e-06
1.98494623655914,4.887585532746823e-06
1.995698924731183,4.887585532746823e-06
1.9967741935483871,1.9550342130987292e-05
1.9978494623655916,4.887585532746823e-06
2.0,1.9550342130987292e-05
2.0043010752688173,2.4437927663734115e-05
2.001075268817204,9.775171065493646e-06
1.9978494623655916,7.820136852394917e-05
2.0279569892473117,9.775171065493646e-06
2.013978494623656,1.9550342130987292e-05
2.011827956989247,1.9550342130987292e-05
2.025806451612903,0.0
2.0043010752688173,0.0001270772238514174
2.031182795698925,0.0
2.0483870967741935,4.887585532746823e-06
2.0419354838709673,4.887585532746823e-06
2.038709677419355,4.887585532746823e-05
2.0451612903225804,4.887585532746823e-06
2.044086021505376,4.887585532746823e-06
2.033333333333333,9.775171065493646e-05
2.053763440860215,0.0
2.056989247311828,1.466275659824047e-05
2.051612903225806,1.466275659824047e-05
2.0580645161290323,1.9550342130987292e-05
2.0666666666666664,4.887585532746823e-06
2.067741935483871,9.775171065493646e-06
2.0720430107526884,9.775171065493646e-06
2.0720430107526884,4.887585532746823e-06
2.076344086021505,1.9550342130987292e-05
2.08494623655914,4.887585532746823e-06
2.0838709677419356,4.887585532746823e-06
2.088172043010753,4.887585532746823e-06
2.094623655913978,1.466275659824047e-05
2.095698924731183,4.887585532746823e-06
2.0806451612903225,7.331378299120235e-05
2.1021505376344085,9.775171065493646e-06
2.1053763440860216,4.887585532746823e-06
2.0989247311827954,0.00010263929618768328
2.0978494623655917,3.421309872922776e-05
2.1139784946236557,4.887585532746823e-06
2.120430107526882,0.0
2.1118279569892473,2.4437927663734115e-05
2.1387096774193552,4.887585532746823e-06
2.13010752688172,4.887585532746823e-06
2.133333333333333,0.0
2.1268817204301076,2.4437927663734115e-05
2.1333333333333333,4.887585532746823e-06
2.1397849462365595,9.775171065493646e-06
2.138709677419355,4.887585532746823e-06
2.141935483870968,4.887585532746823e-06
2.1430107526881716,1.466275659824047e-05
2.1559139784946235,0.0
2.153763440860215,1.466275659824047e-05
2.1559139784946235,1.9550342130987292e-05
2.1451612903225805,8.308895405669599e-05
2.1666666666666665,4.887585532746823e-06
2.174193548387097,0.0
2.164516129032258,1.9550342130987292e-05
2.186021505376344,0.0
2.1569892473118277,0.00011241446725317693
2.17741935483871,1.466275659824047e-05
2.1827956989247315,4.887585532746823e-06
2.1881720430107525,9.775171065493646e-06
2.181720430107527,1.466275659824047e-05
2.1827956989247315,5.865102639296188e-05
2.193548387096774,9.775171065493646e-06
2.1956989247311824,1.466275659824047e-05
2.203225806451613,1.9550342130987292e-05
2.2053763440860217,0.0
2.2172043010752684,0.0
2.210752688172043,4.887585532746823e-06
2.2193548387096773,9.775171065493646e-06
2.2236559139784946,0.0
2.2204301075268815,1.9550342130987292e-05
2.2204301075268815,9.775171065493646e-06
2.2311827956989245,9.775171065493646e-06
2.2215053763440857,5.865102639296188e-05
2.239784946236559,4.887585532746823e-06
2.2430107526881717,9.775171065493646e-06
2.238709677419355,4.887585532746823e-06
2.2354838709677423,1.9550342130987292e-05
2.2483870967741932,9.775171065493646e-06
2.2473118279569895,4.887585532746823e-06
2.2537634408602147,4.887585532746823e-06
2.261290322580645,4.887585532746823e-06
2.256989247311828,1.466275659824047e-05
2.2688172043010755,4.887585532746823e-06
2.2698924731182797,4.887585532746823e-06
2.272043010752688,4.887585532746823e-06
2.258064516129032,9.286412512218964e-05
2.2806451612903227,0.0
2.28494623655914,0.0
2.2838709677419353,9.775171065493646e-06
2.2870967741935484,4.887585532746823e-06
2.2838709677419353,1.9550342130987292e-05
2.293548387096774,2.4437927663734115e-05
2.2989247311827956,9.775171065493646e-06
2.281720430107527,0.0001026392961876833
2.3000000000000003,0.0
2.2860215053763437,8.797653958944282e-05
2.309677419354839,9.775171065493646e-06
2.3075268817204297,4.398826979472141e-05
2.313978494623656,2.932551319648094e-05
2.313978494623656,9.286412512218964e-05
2.3193548387096774,0.0
2.3387096774193545,9.775171065493646e-06
2.3311827956989246,4.887585532746823e-06
2.3344086021505377,4.887585532746823e-06
2.3344086021505372,1.466275659824047e-05
2.3387096774193545,9.775171065493646e-06
2.336559139784946,4.887585532746823e-06
2.344086021505376,2.932551319648094e-05
2.3505376344086018,4.887585532746823e-06
2.3516129032258064,0.0
2.3516129032258064,1.9550342130987292e-05
2.3516129032258064,1.9550342130987292e-05
2.3559139784946237,2.4437927663734115e-05
2.3666666666666667,9.775171065493646e-06
2.365591397849462,1.466275659824047e-05
2.3655913978494625,1.466275659824047e-05
2.3860215053763443,0.0
2.372043010752688,0.0
2.3817204301075274,9.775171065493646e-06
2.3817204301075265,9.775171065493646e-06
2.3838709677419354,0.0
2.39247311827957,4.887585532746823e-06
2.401075268817204,9.775171065493646e-06
2.3989247311827957,4.887585532746823e-06
2.3978494623655915,1.9550342130987292e-05
2.4032258064516125,3.9100684261974585e-05
2.404301075268817,2.4437927663734115e-05
2.413978494623656,9.775171065493646e-06
2.4075268817204303,2.932551319648094e-05
2.4129032258064513,2.4437927663734115e-05
2.418279569892473,9.775171065493646e-06
2.425806451612903,4.887585532746823e-06
2.417204301075269,2.4437927663734115e-05
2.4247311827956994,3.9100684261974585e-05
2.4311827956989247,9.775171065493646e-06
2.443010752688172,3.421309872922776e-05
2.438709677419355,9.775171065493646e-06
2.4204301075268817,0.00010263929618768328
2.443010752688172,2.4437927663734115e-05
2.4247311827956985,0.00011730205278592375
2.447311827956989,1.9550342130987292e-05
2.4516129032258065,2.932551319648094e-05
2.453763440860215,3.421309872922776e-05
2.4516129032258065,3.9100684261974585e-05
2.4548387096774196,3.9100684261974585e-05
2.460215053763441,4.398826979472141e-05
2.460215053763441,4.887585532746823e-05
2.470967741935484,2.4437927663734115e-05
2.4677419354838706,5.3763440860215054e-05
2.467741935483871,4.887585532746823e-05
2.4720430107526883,6.35386119257087e-05
2.4645161290322584,6.842619745845552e-05
2.480645161290323,4.887585532746823e-05
2.478494623655914,6.35386119257087e-05
2.481720430107527,7.331378299120235e-05
2.4838709677419355,6.842619745845552e-05
2.488172043010753,7.820136852394917e-05
2.4795698924731187,7.820136852394917e-05
2.50752688172043,7.331378299120235e-05
2.4913978494623654,9.286412512218964e-05
2.487096774193548,9.775171065493646e-05
2.476344086021505,0.00018572825024437928
2.4956989247311827,0.00010263929618768328
2.478494623655914,0.0002101661779081134
2.4956989247311827,0.0001270772238514174
2.4967741935483874,0.00013196480938416422
2.491397849462366,0.00015640273704789834
2.5010752688172047,0.00014173998044965787
2.521505376344086,9.286412512218964e-05
2.508602150537634,0.00016617790811339198
2.5161290322580645,0.00015640273704789834
2.498924731182796,0.0002101661779081134
2.4956989247311827,0.00024437927663734115
2.5161290322580645,0.00018572825024437928
2.521505376344086,0.00019061583577712613
2.523655913978495,0.00020039100684261975
2.5193548387096776,0.0001906158357771261
2.5139784946236556,0.00024437927663734115
2.520430107526882,0.00022971652003910068
2.524731182795699,0.00023949169110459433
2.5,0.00033724340175953085
2.5290322580645164,0.00023949169110459433
2.5010752688172047,0.0003665689149560117
2.5311827956989243,0.00026392961876832845
2.53010752688172,0.00026392961876832845
2.5290322580645164,0.00030303030303030303
2.534408602150538,0.00028347996089931574
2.53010752688172,0.00030303030303030303
2.5301075268817206,0.00031769305962854355
2.53010752688172,0.0003274682306940371
2.5365591397849463,0.00033724340175953085
2.524731182795699,0.0003616813294232649
2.53010752688172,0.00035679374389051814
2.5268817204301075,0.0003616813294232649
2.5451612903225804,0.0003665689149560117
2.5602150537634407,0.0003861192570869991
2.5505376344086024,0.00039100684261974585
2.5408602150537636,0.0004007820136852395
2.532258064516129,0.0004349951124144673
2.5494623655913977,0.00042521994134897355
2.546236559139785,0.00041055718475073314
2.5494623655913977,0.00044477028347996084
2.5376344086021505,0.0004936461388074291
2.543010752688172,0.00047898338220918866
2.5591397849462365,0.0004936461388074291
2.551612903225806,0.00048387096774193543
2.5419354838709673,0.0005083088954056696
2.551612903225806,0.0005083088954056696
2.5483870967741935,0.0005180840664711632
2.5516129032258066,0.0005278592375366569
2.531182795698925,0.0005229716520039101
2.5623655913978496,0.0005376344086021505
2.5569892473118276,0.0005620723362658847
2.546236559139785,0.0005474095796676442
2.560215053763441,0.0005767350928641251
2.5806451612903225,0.000552297165200391
2.556989247311828,0.0005913978494623656
2.5451612903225804,0.0006158357771260998
2.5698924731182795,0.0005962854349951125
2.5258064516129033,0.0007673509286412512
2.5408602150537636,0.0007380254154447703
2.551612903225806,0.0006549364613880744
2.573118279569892,0.0006207233626588465
2.561290322580646,0.0006744868035190617
2.5602150537634407,0.0006940371456500488
2.554838709677419,0.0006989247311827957
2.5559139784946234,0.000718475073313783
2.582795698924731,0.0007233626588465297
2.5688172043010753,0.0007331378299120234
2.5387096774193547,0.0008602150537634409
2.576344086021505,0.0007526881720430109
2.5537634408602155,0.0007673509286412512
2.573118279569892,0.0007722385141739982
2.5634408602150534,0.0007869012707722385
2.578494623655914,0.0007869012707722385
2.581720430107527,0.0007673509286412512
2.5655913978494627,0.0008504398826979471
2.5731182795698926,0.0008455522971652004
2.5580645161290323,0.0009335288367546432
2.574193548387097,0.000855327468230694
2.546236559139785,0.0009824046920821115
2.5817204301075267,0.0008504398826979471
2.581720430107527,0.0008895405669599219
2.578494623655914,0.0008944281524926686
2.5827956989247314,0.000855327468230694
2.582795698924731,0.0009139784946236559
2.5838709677419356,0.0009237536656891496
2.5999999999999996,0.0008651026392961876
2.5795698924731183,0.0009579667644183773
2.58494623655914,0.00093841642228739
2.5903225806451613,0.0009579667644183773
2.5795698924731183,0.000992179863147605
2.5903225806451613,0.0009726295210166178
2.586021505376344,0.0009824046920821113
2.5913978494623655,0.0010117302052785925
2.5827956989247314,0.0010263929618768328
2.5795698924731183,0.0010410557184750734
2.573118279569892,0.001080156402737048
2.5881720430107524,0.001050830889540567
2.5817204301075267,0.0010850439882697947
2.5817204301075267,0.001080156402737048
2.5913978494623655,0.0010948191593352884
2.5634408602150542,0.0012121212121212121
2.593548387096774,0.0011143695014662757
2.5849462365591394,0.0011583577712609972
2.6021505376344085,0.0010654936461388074
2.5870967741935487,0.001241446725317693
2.589247311827957,0.0011632453567937439
2.595698924731183,0.0011779081133919845
2.5913978494623655,0.0011925708699902248
2.5913978494623655,0.0011925708699902248
2.581720430107527,0.001217008797653959
2.5967741935483875,0.0012072336265884654
2.598924731182796,0.001226783968719453
2.6032258064516127,0.0011779081133919845
2.5967741935483875,0.00124633431085044
2.6032258064516127,0.001241446725317693
2.59247311827957,0.0012854349951124144
2.594623655913978,0.001300097751710655
2.609677419354839,0.0012267839687194525
2.604301075268817,0.0012903225806451613
2.631182795698925,0.0011974584555229718
2.574193548387097,0.0014271749755620726
2.605376344086021,0.0013294232649071359
2.603225806451613,0.001348973607038123
2.598924731182796,0.001378299120234604
2.6193548387096772,0.0013098729227761488
2.616129032258064,0.001388074291300098
2.5849462365591394,0.001407624633431085
2.609677419354839,0.0014027370478983383
2.617204301075269,0.0014271749755620726
2.5849462365591394,0.0014418377321603127
2.575268817204301,0.0014613880742913
2.5795698924731183,0.0015786901270772237
2.595698924731183,0.001520039100684262
2.6021505376344085,0.0014858260019550342
2.60752688172043,0.0015004887585532746
2.6139784946236557,0.0015004887585532746
2.609677419354839,0.0015053763440860217
2.606451612903226,0.0015249266862170088
2.610752688172043,0.0015395894428152492
2.5924731182795697,0.0015591397849462364
2.620430107526882,0.00156891495601173
2.602150537634409,0.00155425219941349
2.603225806451613,0.001573802541544477
2.6182795698924735,0.0016080156402737047
2.609677419354839,0.0016177908113391988
2.605376344086021,0.001608015640273705
2.6182795698924735,0.001656891495601173
2.5978494623655912,0.0016715542521994135
2.6021505376344085,0.0016715542521994135
2.606451612903226,0.0016813294232649071
2.629032258064516,0.0016275659824046922
2.610752688172043,0.001710654936461388
2.6268817204301076,0.001656891495601173
2.6150537634408604,0.0017399804496578688
2.6182795698924735,0.0017008797653958942
2.6225806451612903,0.0017155425219941348
2.6301075268817207,0.0017595307917888563
2.610752688172043,0.0017741935483870967
2.5795698924731183,0.001911045943304008
2.6096774193548384,0.0017986314760508309
2.610752688172043,0.0017937438905180842
2.621505376344086,0.0018084066471163245
2.6150537634408604,0.0018377321603128055
2.6193548387096777,0.0018475073313782991
2.6161290322580646,0.001818181818181818
2.620430107526882,0.0018670576735092864
2.6236559139784945,0.001881720430107527
2.620430107526882,0.0019012707722385143
2.627956989247312,0.0019403714565004889
2.6247311827956987,0.0018866080156402737
2.6204301075268814,0.0019305962854349954
2.6139784946236557,0.0019305962854349954
2.6193548387096772,0.0020234604105571845
2.6129032258064515,0.0020087976539589444
2.6473118279569894,0.0019550342130987292
2.6279569892473122,0.0019599217986314764
2.6301075268817207,0.00196969696969697
2.6236559139784945,0.001989247311827957
2.625806451612903,0.0020332355816226784
2.631182795698925,0.002013685239491691
2.6268817204301076,0.002013685239491691
2.626881720430108,0.002043010752688172
2.624731182795699,0.002047898338220919
2.624731182795699,0.002072336265884653
2.6247311827956987,0.0021065493646138804
2.629032258064516,0.002086999022482893
2.6301075268817207,0.002086999022482893
2.606451612903226,0.0022091886608015636
2.6505376344086025,0.0021407624633431083
2.632258064516129,0.0021505376344086017
2.629032258064516,0.0021700879765395894
2.641935483870968,0.002179863147605083
2.6354838709677417,0.002155425219941349
2.629032258064516,0.002155425219941349
2.625806451612903,0.002160312805474096
2.6344086021505375,0.002155425219941349
2.6247311827956987,0.002155425219941349
2.635483870967742,0.002155425219941349
2.632258064516129,0.002160312805474096
2.624731182795699,0.0021798631476050833
2.6408602150537632,0.0021309872922776144
2.6279569892473122,0.002160312805474096
2.6010752688172043,0.002336265884652981
2.6010752688172043,0.002297165200391007
2.6344086021505375,0.0021652003910068427
2.6279569892473114,0.002160312805474096
2.629032258064516,0.002179863147605083
2.6408602150537632,0.002160312805474096
2.6268817204301076,0.0021700879765395894
2.632258064516129,0.002155425219941349
2.632258064516129,0.0021652003910068423
2.6344086021505375,0.0021407624633431083
2.6225806451612903,0.002155425219941349
2.6311827956989244,0.0021652003910068427
2.6150537634408604,0.002174975562072336
2.6086021505376347,0.002243401759530792
2.6279569892473122,0.0021652003910068427
2.6268817204301076,0.002155425219941349
2.632258064516129,0.002130987292277615
2.624731182795699,0.002145650048875855
2.6268817204301076,0.002174975562072336
2.6279569892473122,0.0021798631476050833
2.632258064516129,0.0021652003910068427
2.6236559139784945,0.0021652003910068427
2.6301075268817207,0.002160312805474096
2.604301075268817,0.0022580645161290325
2.6279569892473114,0.002150537634408602
2.6225806451612903,0.0021896383186705767
2.6279569892473122,0.002179863147605083
2.6333333333333333,0.002174975562072336
2.627956989247312,0.002174975562072336
2.6290322580645165,0.002155425219941349
2.6268817204301076,0.0021603128054740956
2.631182795698925,0.0021505376344086017
2.643010752688172,0.002155425219941349
2.6225806451612903,0.002174975562072336
2.6225806451612903,0.002194525904203323
