U_mean,I_mean,U_err,I_err
0.004516129032258065,8.797653958944282e-06,0.002187848381653312,5.865102639296188e-06
0.003870967741935484,1.466275659824047e-05,0.0051410895001642665,1.466275659824047e-05
0.0064516129032258064,1.466275659824047e-05,0.0022809896167307986,6.5573840982398524e-06
0.007741935483870968,2.0527859237536656e-05,0.0016448450043847693,1.0972602307254957e-05
0.015483870967741934,0.0,0.004003120530964792,0.0
0.014838709677419357,2.0527859237536656e-05,0.00415616087958875,1.7099565674033138e-05
0.02903225806451613,0.0,0.0022809896167307986,0.0
0.026451612903225806,8.797653958944282e-06,0.0027749436345298794,5.865102639296187e-06
0.023870967741935485,5.865102639296188e-06,0.00376190444828729,3.5916271888316394e-06
0.03161290322580645,5.865102639296188e-06,0.0012069862537980452,3.5916271888316394e-06
0.03354838709677419,0.0,0.0021878483816533123,0.0
0.04,0.0,0.0016448450043847688,0.0
0.03741935483870968,2.6392961876832843e-05,0.0037619044482872896,1.0774881566494917e-05
0.04258064516129032,1.466275659824047e-05,0.0027749436345298794,8.03112254406402e-06
0.04064516129032258,2.932551319648094e-06,0.003160631926171842,2.9325513196480935e-06
0.05096774193548387,5.865102639296188e-06,0.0031275353918815024,3.5916271888316394e-06
0.041290322580645154,5.865102639296188e-05,0.012300436106411365,4.79631297178772e-05
0.06064516129032258,0.0,0.0012069862537980446,0.0
0.05741935483870968,2.0527859237536656e-05,0.0018809522241436474,1.0972602307254957e-05
0.058064516129032254,1.466275659824047e-05,0.0020401791355925034,9.273541525420467e-06
0.06064516129032258,2.932551319648094e-05,0.0021397579292615483,6.5573840982398524e-06
0.05483870967741936,6.744868035190616e-05,0.012241074813555014,6.744868035190614e-05
0.06709677419354838,2.6392961876832843e-05,0.003734140936383945,1.759530791788856e-05
0.07806451612903224,0.0,0.0012069862537980455,0.0
0.07741935483870967,0.0,0.005300540879082251,0.0
0.08193548387096775,2.932551319648094e-06,0.0016448450043847688,2.9325513196480935e-06
0.08,2.932551319648094e-06,0.0018809522241436448,2.9325513196480935e-06
0.0903225806451613,8.797653958944282e-06,0.0032258064516129045,5.865102639296187e-06
0.08838709677419355,5.865102639296188e-06,0.002187848381653312,3.5916271888316394e-06
0.09161290322580645,1.466275659824047e-05,0.0029914898372566797,9.273541525420467e-06
0.09096774193548388,1.7595307917888564e-05,0.0021397579292615474,8.549782837016569e-06
0.0961290322580645,4.105571847507331e-05,0.008857761430803858,4.105571847507331e-05
0.08967741935483872,2.932551319648094e-05,0.010067410667307892,2.932551319648094e-05
0.10709677419354839,8.797653958944282e-06,0.007241917522788277,5.865102639296188e-06
0.1096774193548387,5.865102639296188e-06,0.002280989616730799,5.865102639296187e-06
0.10451612903225807,3.2258064516129034e-05,0.0033211710132216125,1.1730205278592374e-05
0.11161290322580644,1.466275659824047e-05,0.004279515858523097,1.135772242289565e-05
0.1129032258064516,1.466275659824047e-05,0.004446467339383944,1.135772242289565e-05
0.1225806451612903,1.7595307917888564e-05,0.004205937035614615,1.0774881566494917e-05
0.1193548387096774,2.932551319648094e-06,0.003950789907714804,2.9325513196480935e-06
0.12129032258064516,3.2258064516129034e-05,0.006255070783763007,2.5141390321821477e-05
0.13612903225806453,5.865102639296188e-06,0.0023704739446288774,3.5916271888316394e-06
0.13225806451612904,2.932551319648094e-06,0.004080358271185005,2.9325513196480935e-06
0.1335483870967742,1.7595307917888564e-05,0.006419273787784644,5.486301153627479e-06
0.1341935483870968,8.797653958944282e-06,0.0026206575498825702,5.865102639296187e-06
0.14516129032258066,0.0,0.0030602687033887514,0.0
0.11999999999999997,8.211143695014662e-05,0.017233174695733006,6.760787028386219e-05
0.15225806451612903,8.797653958944282e-06,0.0012069862537980485,8.797653958944282e-06
0.1503225806451613,1.1730205278592376e-05,0.00554988726905976,8.549782837016569e-06
0.15870967741935482,5.865102639296188e-06,0.002580645161290323,3.5916271888316394e-06
0.14193548387096774,0.00010263929618768328,0.0180472267492895,6.590089458722648e-05
0.16258064516129034,5.865102639296188e-06,0.0012903225806451645,3.5916271888316394e-06
0.17419354838709677,5.865102639296188e-06,0.006531760235908572,3.5916271888316394e-06
0.17096774193548386,1.466275659824047e-05,0.0030602687033887527,1.135772242289565e-05
0.17290322580645162,5.865102639296188e-06,0.0019354838709677435,3.5916271888316394e-06
0.1761290322580645,5.865102639296188e-06,0.0007901579815429627,3.5916271888316394e-06
0.17935483870967744,2.932551319648094e-06,0.0012903225806451602,2.9325513196480935e-06
0.17935483870967742,5.865102639296188e-06,0.004849450444636421,3.5916271888316394e-06
0.18580645161290324,8.797653958944282e-06,0.0021878483816533097,8.797653958944282e-06
0.19096774193548388,2.932551319648094e-06,0.0023704739446288817,2.9325513196480935e-06
0.19483870967741934,2.932551319648094e-06,0.00262065754988257,2.9325513196480935e-06
0.19548387096774192,8.797653958944282e-06,0.0028121928668004338,5.865102639296187e-06
0.1974193548387097,1.466275659824047e-05,0.004375696763306619,9.273541525420467e-06
0.20064516129032256,2.932551319648094e-06,0.002774943634529881,2.9325513196480935e-06
0.2096774193548387,2.932551319648094e-06,0.005493350440621423,2.9325513196480935e-06
0.2019354838709677,2.346041055718475e-05,0.0038977567656756705,8.797653958944282e-06
0.21161290322580645,2.932551319648094e-06,0.0021878483816533123,2.9325513196480935e-06
0.21096774193548384,1.1730205278592376e-05,0.0033211710132216125,7.183254377663279e-06
0.2238709677419355,2.932551319648094e-06,0.0019354838709677402,2.9325513196480935e-06
0.20193548387096777,7.331378299120235e-05,0.015253665054886305,6.970594911439714e-05
0.21161290322580645,1.466275659824047e-05,0.002620657549882568,9.273541525420467e-06
0.22387096774193554,8.797653958944282e-06,0.0026206575498825702,5.865102639296187e-06
0.23935483870967741,0.0,0.008798826901281193,0.0
0.23935483870967741,5.865102639296188e-06,0.004493028476511002,5.865102639296187e-06
0.23419354838709677,1.7595307917888564e-05,0.003897756765675668,1.7595307917888564e-05
0.24322580645161293,2.932551319648094e-06,0.0016448450043847673,2.9325513196480935e-06
0.22903225806451616,7.038123167155426e-05,0.014605459900221638,6.33050825364308e-05
0.2458064516129032,1.466275659824047e-05,0.002774943634529879,9.273541525420467e-06
0.25290322580645164,5.865102639296188e-06,0.0021878483816533127,5.865102639296187e-06
0.26064516129032256,8.797653958944282e-06,0.0069485997511413026,5.865102639296188e-06
0.2567741935483871,2.932551319648094e-06,0.004279515858523101,2.9325513196480935e-06
0.2593548387096774,2.932551319648094e-06,0.001935483870967747,2.9325513196480935e-06
0.2658064516129032,0.0,0.002413972507596088,0.0
0.267741935483871,2.932551319648094e-06,0.0022809896167307964,2.9325513196480935e-06
0.2670967741935484,8.797653958944282e-06,0.0031275353918815067,5.865102639296188e-06
0.26838709677419353,2.6392961876832843e-05,0.0074543354892202115,2.639296187683284e-05
0.28258064516129033,1.1730205278592376e-05,0.005734318978913288,8.549782837016569e-06
0.27419354838709675,1.1730205278592376e-05,0.004561979233461597,5.486301153627479e-06
0.2806451612903226,5.865102639296188e-06,0.002280989616730804,3.5916271888316394e-06
0.29161290322580646,1.466275659824047e-05,0.007808850604458189,1.135772242289565e-05
0.2754838709677419,7.331378299120235e-05,0.008262095790235935,4.224299205538983e-05
0.2935483870967742,8.797653958944282e-06,0.005859968427285464,5.865102639296188e-06
0.2961290322580645,5.865102639296188e-06,0.0006451612903225823,5.865102639296187e-06
0.3019354838709677,5.865102639296188e-06,0.003321171013221621,3.5916271888316394e-06
0.2961290322580645,1.466275659824047e-05,0.0037341409363839443,4.6367707627102336e-06
0.295483870967742,4.105571847507331e-05,0.007468281872767894,2.242970460524685e-05
0.31225806451612903,0.0,0.0018809522241436385,0.0
0.3116129032258064,5.865102639296188e-06,0.005261131106548417,5.865102639296187e-06
0.3129032258064516,5.865102639296188e-06,0.004446467339383942,3.5916271888316394e-06
0.31419354838709673,3.519061583577713e-05,0.008070965163352775,3.519061583577713e-05
0.3193548387096774,8.797653958944282e-06,0.0033832543489359704,5.865102639296187e-06
0.3193548387096774,1.7595307917888564e-05,0.0033832543489359704,1.4216069963097741e-05
0.3135483870967742,7.038123167155426e-05,0.0139644263367183,5.963254958258872e-05
0.32387096774193547,1.466275659824047e-05,0.0037619044482872918,9.273541525420467e-06
0.33419354838709675,1.7595307917888564e-05,0.003761904448287288,8.549782837016569e-06
0.33677419354838706,2.932551319648094e-06,0.0016448450043847636,2.9325513196480935e-06
0.33999999999999997,0.0,0.0021878483816533084,0.0
0.3380645161290322,8.797653958944282e-06,0.005038870758649457,8.797653958944282e-06
0.32645161290322583,8.211143695014662e-05,0.011423181425565015,6.109286409384063e-05
0.35096774193548386,5.865102639296188e-06,0.0035921060405355067,5.865102639296187e-06
0.347741935483871,2.346041055718475e-05,0.004131047895117962,9.944765371151419e-06
0.3587096774193549,2.932551319648094e-06,0.0021397579292615427,2.9325513196480935e-06
0.3458064516129032,7.624633431085043e-05,0.012300436106411367,6.193170698516972e-05
0.35870967741935483,1.1730205278592376e-05,0.0018809522241436396,2.9325513196480935e-06
0.36774193548387096,8.797653958944282e-06,0.0024986989330370492,5.865102639296188e-06
0.3651612903225806,1.466275659824047e-05,0.0029565004483586136,9.273541525420467e-06
0.3767741935483871,5.865102639296188e-06,0.012000693701766632,3.5916271888316394e-06
0.3690322580645161,5.865102639296188e-06,0.004740947889257765,5.865102639296187e-06
0.37419354838709673,2.932551319648094e-06,0.0048921777058397,2.9325513196480935e-06
0.38322580645161286,0.0,0.0018809522241436416,0.0
0.3890322580645161,0.0,0.002187848381653318,0.0
0.3851612903225806,2.932551319648094e-06,0.0026206575498825746,2.9325513196480935e-06
0.3903225806451613,2.932551319648094e-06,0.001442624501612771,2.9325513196480935e-06
0.39419354838709675,2.932551319648094e-06,0.0006451612903225823,2.9325513196480935e-06
0.4006451612903225,0.0,0.0023704739446288752,0.0
0.4025806451612904,2.932551319648094e-06,0.0006451612903225711,2.9325513196480935e-06
0.3935483870967742,1.466275659824047e-05,0.00510044783898126,0.0
0.4006451612903225,1.1730205278592376e-05,0.002580645161290324,8.549782837016569e-06
0.39483870967741935,8.504398826979473e-05,0.01569082129937459,7.129176411227694e-05
0.4083870967741935,2.932551319648094e-06,0.0033211710132216117,2.9325513196480935e-06
0.415483870967742,2.932551319648094e-06,0.0018809522241436502,2.9325513196480935e-06
0.4161290322580645,2.0527859237536656e-05,0.0026989033114002406,7.4765682017489515e-06
0.4296774193548387,8.797653958944282e-06,0.010814873944671101,5.865102639296187e-06
0.4219354838709678,5.865102639296188e-06,0.0018809522241436435,5.865102639296187e-06
0.43290322580645163,8.797653958944282e-06,0.012130061727073014,8.797653958944282e-06
0.4296774193548387,1.1730205278592376e-05,0.0018809522241436502,2.9325513196480935e-06
0.4316129032258065,1.1730205278592376e-05,0.0067971959695824185,8.549782837016569e-06
0.4258064516129032,6.744868035190616e-05,0.010939241908266567,4.0315915204890086e-05
0.42516129032258065,7.624633431085043e-05,0.016805182293717566,6.899290531389201e-05
0.44129032258064516,0.0,0.0025806451612903213,0.0
0.44709677419354843,5.865102639296188e-06,0.0012903225806451563,3.5916271888316394e-06
0.44903225806451613,0.0,0.0012069862537980396,0.0
0.45999999999999996,1.1730205278592376e-05,0.009709623834382205,8.549782837016569e-06
0.4587096774193548,8.797653958944282e-06,0.0018809522241436502,3.5916271888316394e-06
0.4548387096774194,5.865102639296188e-06,0.002885249003225542,3.5916271888316394e-06
0.4638709677419355,1.1730205278592376e-05,0.004003120530964791,5.486301153627479e-06
0.46516129032258063,2.932551319648094e-06,0.0034442187909778403,2.9325513196480935e-06
0.4503225806451613,7.038123167155426e-05,0.013245461398482457,5.9632549582588735e-05
0.4709677419354838,1.1730205278592376e-05,0.0033832543489359813,8.549782837016569e-06
0.4703225806451613,1.1730205278592376e-05,0.006483790723303805,7.183254377663279e-06
0.46838709677419355,3.812316715542522e-05,0.007523808896574588,2.435960077102075e-05
0.48258064516129034,8.797653958944282e-06,0.0024139725075960883,5.865102639296188e-06
0.48903225806451617,5.865102639296188e-06,0.0016448450043847615,5.865102639296187e-06
0.4916129032258064,1.1730205278592376e-05,0.003160631926171841,1.1730205278592374e-05
0.4870967741935483,2.0527859237536656e-05,0.0032258064516129,7.4765682017489515e-06
0.4929032258064516,1.466275659824047e-05,0.004255130954281581,1.135772242289565e-05
0.4967741935483871,1.466275659824047e-05,0.0022809896167307964,8.03112254406402e-06
0.4961290322580645,8.797653958944282e-06,0.004493028476511003,5.865102639296187e-06
0.4883870967741936,7.917888563049854e-05,0.016530487710088977,7.20715878442493e-05
0.5051612903225806,1.1730205278592376e-05,0.0016448450043847845,5.48630115362748e-06
0.5090322580645161,5.865102639296188e-06,0.004375696763306636,3.5916271888316394e-06
0.5148387096774194,1.7595307917888564e-05,0.0028121928668004338,1.1730205278592374e-05
0.5006451612903227,7.331378299120236e-05,0.012342662238521925,5.919832621169018e-05
0.512258064516129,3.519061583577713e-05,0.005038870758649447,1.9997333866548176e-05
0.5296774193548387,0.0,0.0012069862537980457,0.0
0.5258064516129033,0.0,0.0033832543489359652,0.0
0.5258064516129032,5.865102639296188e-06,0.002280989616730788,3.5916271888316394e-06
0.5348387096774194,8.797653958944282e-06,0.001206986253798028,3.5916271888316394e-06
0.5303225806451614,1.7595307917888564e-05,0.008448903776586324,1.7595307917888564e-05
0.544516129032258,2.932551319648094e-06,0.0021397579292615505,2.9325513196480935e-06
0.5232258064516129,7.624633431085043e-05,0.016429460100963675,7.263616467155914e-05
0.5438709677419356,2.932551319648094e-06,0.003761904448287279,2.9325513196480935e-06
0.5490322580645162,1.466275659824047e-05,0.002774943634529893,1.135772242289565e-05
0.5341935483870968,8.504398826979473e-05,0.01532173172521021,6.693672850740956e-05
0.5541935483870968,2.932551319648094e-06,0.003127535391881509,2.9325513196480935e-06
0.5387096774193548,0.00011143695014662759,0.012198497033025188,5.575704792325967e-05
0.5632258064516129,2.932551319648094e-06,0.010482630199530283,2.9325513196480935e-06
0.5651612903225807,2.932551319648094e-06,0.0012069862537980457,2.9325513196480935e-06
0.5490322580645162,8.211143695014662e-05,0.016174130498995704,7.132191499715724e-05
0.564516129032258,3.519061583577713e-05,0.004205937035614606,1.3597681078439447e-05
0.575483870967742,2.932551319648094e-06,0.002187848381653318,2.9325513196480935e-06
0.5748387096774193,2.6392961876832843e-05,0.0025806451612903347,1.343863840163003e-05
0.5838709677419355,5.865102639296188e-06,0.0010200895677962365,3.5916271888316394e-06
0.5819354838709676,1.1730205278592376e-05,0.0043994134506406,1.1730205278592374e-05
0.5832258064516129,2.932551319648094e-06,0.0018809522241436175,2.9325513196480935e-06
0.5916129032258064,5.865102639296188e-06,0.0016448450043847777,5.865102639296187e-06
0.5877419354838709,4.105571847507332e-05,0.008498025724077103,3.7497688717139075e-05
0.5974193548387097,5.865102639296188e-06,0.001206986253798028,3.5916271888316394e-06
0.6012903225806452,2.932551319648094e-06,0.0007901579815429671,2.9325513196480935e-06
0.5967741935483871,2.932551319648094e-05,0.006766508697871951,1.5378428858799876e-05
0.6025806451612903,1.466275659824047e-05,0.0025806451612903247,6.5573840982398524e-06
0.6180645161290322,0.0,0.008387096774193553,0.0
0.6096774193548387,2.932551319648094e-06,0.006034931268990228,2.9325513196480935e-06
0.6187096774193549,8.797653958944282e-06,0.0035921060405355093,5.865102639296188e-06
0.6167741935483871,2.6392961876832843e-05,0.0051410895001642734,1.343863840163003e-05
0.6251612903225807,2.932551319648094e-06,0.0018809522241436346,2.9325513196480935e-06
0.6277419354838709,0.0,0.002413972507596075,0.0
0.616774193548387,6.158357771260997e-05,0.014796574117651234,5.435118179721595e-05
0.6335483870967742,8.797653958944282e-06,0.0007901579815429491,3.5916271888316394e-06
0.6245161290322581,6.744868035190616e-05,0.014339426303801845,6.744868035190614e-05
0.6387096774193548,1.466275659824047e-05,0.002698903311400244,1.135772242289565e-05
0.6419354838709677,5.865102639296188e-06,0.002040179135592499,5.865102639296187e-06
0.6509677419354839,2.932551319648094e-06,0.004003120530964792,2.9325513196480935e-06
0.6406451612903226,0.0,0.004156160879588754,0.0
0.6548387096774194,5.865102639296188e-06,0.0035336939193881573,3.5916271888316394e-06
0.6567741935483871,2.932551319648094e-06,0.0029914898372566862,2.9325513196480935e-06
0.655483870967742,1.466275659824047e-05,0.003289690008769543,6.5573840982398524e-06
0.6638709677419354,1.1730205278592376e-05,0.0032896900087695437,5.48630115362748e-06
0.6651612903225806,2.0527859237536656e-05,0.002774943634529892,1.7099565674033138e-05
0.6580645161290322,6.451612903225808e-05,0.012943485579186377,6.0916651254665665e-05
0.6567741935483872,7.624633431085043e-05,0.012052607543399606,6.210503983738231e-05
0.68,2.932551319648094e-06,0.001580315963085916,2.9325513196480935e-06
0.6806451612903226,5.865102639296188e-06,0.002698903311400244,5.865102639296187e-06
0.6799999999999999,1.466275659824047e-05,0.005895376413708732,9.273541525420467e-06
0.6864516129032258,8.797653958944282e-06,0.0018809522241436615,8.797653958944282e-06
0.6870967741935484,8.797653958944282e-06,0.002885249003225542,5.865102639296187e-06
0.6909677419354839,8.797653958944282e-06,0.0023704739446288683,5.865102639296187e-06
0.6961290322580644,1.466275659824047e-05,0.0006451612903225711,9.273541525420467e-06
0.6954838709677419,5.865102639296188e-06,0.005455333717834763,3.5916271888316394e-06
0.696774193548387,1.1730205278592376e-05,0.003225806451612906,1.1730205278592374e-05
0.7058064516129032,1.1730205278592376e-05,0.0018809522241436576,7.183254377663279e-06
0.7051612903225807,1.7595307917888564e-05,0.006337704098189862,1.7595307917888564e-05
0.7148387096774194,5.865102639296188e-06,0.00299148983725666,3.5916271888316394e-06
0.68,0.00014662756598240472,0.017263339561625363,8.177034307096004e-05
0.7180645161290322,2.932551319648094e-06,0.003620958761394118,2.9325513196480935e-06
0.7245161290322579,2.6392961876832843e-05,0.00826209579023595,1.1730205278592374e-05
0.7225806451612904,1.7595307917888564e-05,0.008096709934200745,1.0774881566494919e-05
0.7251612903225807,1.1730205278592376e-05,0.0015803159630859186,5.48630115362748e-06
0.7296774193548388,0.0,0.004493028476511015,0.0
0.7387096774193549,2.932551319648094e-06,0.001020089567796254,2.9325513196480935e-06
0.7387096774193549,0.0,0.0017668469596940782,0.0
0.7438709677419355,2.932551319648094e-06,0.0021878483816533,2.9325513196480935e-06
0.7458064516129033,8.797653958944282e-06,0.0023704739446288895,5.865102639296188e-06
0.7438709677419355,1.466275659824047e-05,0.004029030966708649,9.273541525420467e-06
0.7477419354838709,2.932551319648094e-06,0.0018809522241436424,2.9325513196480935e-06
0.7593548387096775,0.0,0.005824345188796063,0.0
0.7529032258064516,2.346041055718475e-05,0.003321171013221616,1.5096231878280061e-05
0.7638709677419355,0.0,0.002370473944628889,0.0
0.7709677419354838,5.865102639296188e-06,0.007426364150465389,5.865102639296187e-06
0.7470967741935484,7.331378299120236e-05,0.012967581446607606,5.8834025359938073e-05
0.7709677419354837,5.865102639296188e-06,0.0038168256665158814,5.865102639296187e-06
0.7619354838709678,4.105571847507331e-05,0.006321263852343679,2.1945204614509913e-05
0.7812903225806452,8.797653958944282e-06,0.006873314758923392,3.5916271888316394e-06
0.7735483870967742,1.1730205278592376e-05,0.0037341409363839365,1.1730205278592374e-05
0.7806451612903226,1.7595307917888564e-05,0.0017668469596940782,1.1730205278592376e-05
0.7838709677419354,0.0,0.0036779852422552826,0.0
0.7864516129032257,5.865102639296188e-06,0.0035921060405355054,3.5916271888316394e-06
0.7896774193548387,1.466275659824047e-05,0.0031275353918814993,1.466275659824047e-05
0.7916129032258065,5.865102639296188e-06,0.0033211710132216086,5.865102639296187e-06
0.795483870967742,1.1730205278592376e-05,0.004516129032258066,1.1730205278592374e-05
0.7993548387096774,1.466275659824047e-05,0.0018809522241436405,9.273541525420467e-06
0.8025806451612902,1.1730205278592376e-05,0.001206986253798028,8.549782837016569e-06
0.8025806451612902,5.865102639296188e-06,0.005038870758649462,3.5916271888316394e-06
0.804516129032258,2.0527859237536656e-05,0.005059479723018756,1.2782694849092881e-05
0.8090322580645161,5.865102639296188e-06,0.0051410895001642734,5.865102639296187e-06
0.8238709677419355,8.797653958944282e-06,0.006171331119260969,5.865102639296188e-06
0.8129032258064516,0.0,0.002040179135592499,0.0
0.827741935483871,2.932551319648094e-06,0.0024139725075960736,2.9325513196480935e-06
0.8232258064516129,2.0527859237536656e-05,0.003127535391881509,9.944765371151417e-06
0.8374193548387096,5.865102639296188e-06,0.006812487768368671,5.865102639296187e-06
0.8335483870967743,4.105571847507331e-05,0.004740947889257755,2.3368588637110298e-05
0.8329032258064517,8.797653958944282e-06,0.0006451612903225933,3.5916271888316394e-06
0.8303225806451613,1.7595307917888564e-05,0.002620657549882555,5.48630115362748e-06
0.8438709677419356,1.1730205278592376e-05,0.003897756765675652,5.48630115362748e-06
0.8412903225806451,2.346041055718475e-05,0.00449302847651102,9.944765371151419e-06
0.8477419354838709,2.932551319648094e-06,0.003289690008769523,2.9325513196480935e-06
0.844516129032258,2.0527859237536656e-05,0.00493453501315431,1.7099565674033138e-05
0.8516129032258064,1.466275659824047e-05,0.0036779852422552783,1.135772242289565e-05
0.8606451612903225,2.6392961876832843e-05,0.012043970775867403,2.6392961876832843e-05
0.8554838709677419,5.865102639296188e-06,0.0032896900087695273,3.5916271888316394e-06
0.8632258064516127,8.797653958944282e-06,0.0021878483816533127,8.797653958944282e-06
0.8696774193548388,8.797653958944282e-06,0.0036209587613941427,5.865102639296187e-06
0.869032258064516,1.1730205278592376e-05,0.0031606319261718303,2.9325513196480935e-06
0.8716129032258065,4.105571847507331e-05,0.00996351303966484,3.388334313281918e-05
0.8774193548387096,1.1730205278592376e-05,0.0017668469596940786,7.183254377663279e-06
0.8890322580645161,2.932551319648094e-06,0.007808850604458183,2.9325513196480935e-06
0.8812903225806451,1.7595307917888564e-05,0.002774943634529893,7.183254377663279e-06
0.8877419354838709,5.865102639296188e-06,0.0018809522241436424,3.5916271888316394e-06
0.8864516129032258,1.1730205278592376e-05,0.003127535391881499,8.549782837016569e-06
0.8864516129032257,2.6392961876832843e-05,0.0015803159630859345,9.72617240573431e-06
0.8961290322580645,8.797653958944282e-06,0.0027749436345298915,5.865102639296187e-06
0.8987096774193549,5.865102639296188e-06,0.002187848381653318,3.5916271888316394e-06
0.9012903225806452,1.1730205278592376e-05,0.004156160879588726,5.48630115362748e-06
0.9025806451612903,1.466275659824047e-05,0.003127535391881499,1.466275659824047e-05
0.9109677419354838,2.932551319648094e-06,0.0012903225806451422,2.9325513196480935e-06
0.9045161290322581,5.865102639296188e-06,0.005359112169624548,5.865102639296187e-06
0.909032258064516,2.6392961876832843e-05,0.004255130954281584,2.6392961876832843e-05
0.9174193548387096,8.797653958944282e-06,0.003321171013221605,5.865102639296187e-06
0.9122580645161289,5.2785923753665686e-05,0.006720215050322479,3.0263588622507762e-05
0.927741935483871,5.865102639296188e-06,0.0019354838709677337,3.5916271888316394e-06
0.9309677419354839,2.932551319648094e-06,0.0021878483816532997,2.9325513196480935e-06
0.932258064516129,0.0,0.0010200895677962365,0.0
0.9161290322580644,7.624633431085043e-05,0.012409925201078292,5.591107321096076e-05
0.9406451612903226,1.1730205278592376e-05,0.0016448450043847866,5.48630115362748e-06
0.9425806451612904,0.0,0.0018809522241436615,0.0
0.9425806451612904,0.0,0.0029565004483586045,0.0
0.9503225806451614,5.865102639296188e-06,0.004629903256260432,3.5916271888316394e-06
0.9529032258064516,0.0,0.0024139725075960957,0.0
0.9561290322580644,5.865102639296188e-06,0.0012903225806451507,3.5916271888316394e-06
0.9541935483870967,5.865102639296188e-06,0.004718948012363804,3.5916271888316394e-06
0.96,5.865102639296188e-06,0.0019354838709677337,3.5916271888316394e-06
0.96,5.865102639296188e-06,0.0024139725075960792,5.865102639296187e-06
0.9683870967741935,8.797653958944282e-06,0.002774943634529884,5.865102639296187e-06
0.9696774193548385,5.865102639296188e-06,0.002620657549882566,3.5916271888316394e-06
0.9812903225806451,2.932551319648094e-06,0.0071697131519009374,2.9325513196480935e-06
0.9670967741935484,5.2785923753665686e-05,0.010472698761772852,5.278592375366568e-05
0.975483870967742,2.0527859237536656e-05,0.003160631926171852,1.4366508755326558e-05
0.9806451612903224,2.932551319648094e-05,0.005100447838981255,2.5816447011230218e-05
0.9832258064516128,8.797653958944282e-06,0.0031275353918815006,5.865102639296187e-06
0.9948387096774194,0.0,0.0038977567656756857,0.0
0.9883870967741937,5.865102639296188e-06,0.004279515858523098,3.5916271888316394e-06
0.9935483870967742,1.466275659824047e-05,0.002698903311400224,8.03112254406402e-06
0.9980645161290322,5.865102639296188e-06,0.002991489837256655,3.5916271888316394e-06
0.9961290322580645,2.0527859237536656e-05,0.004003120530964783,1.0972602307254957e-05
1.0038709677419355,2.932551319648094e-06,0.002774943634529875,2.9325513196480935e-06
1.0090322580645161,1.1730205278592376e-05,0.0021397579292615166,5.48630115362748e-06
1.018709677419355,2.932551319648094e-06,0.006948599751141278,2.9325513196480935e-06
1.02,2.932551319648094e-06,0.003127535391881509,2.9325513196480935e-06
1.0141935483870967,0.0,0.0029914898372566754,0.0
1.0264516129032257,2.932551319648094e-06,0.00571614359569979,2.9325513196480935e-06
1.0290322580645161,5.865102639296188e-06,0.0033832543489359544,3.5916271888316394e-06
1.0251612903225809,2.346041055718475e-05,0.005038870758649478,7.4765682017489515e-06
1.0303225806451612,1.7595307917888564e-05,0.0019354838709677395,8.549782837016569e-06
1.0296774193548388,8.797653958944282e-06,0.004375696763306618,5.865102639296187e-06
1.0348387096774194,8.797653958944282e-06,0.00344421879097784,5.865102639296187e-06
1.0387096774193547,1.1730205278592376e-05,0.0030602687033887445,7.183254377663279e-06
1.044516129032258,1.1730205278592376e-05,0.0029565004483586236,8.549782837016569e-06
1.0393548387096774,8.797653958944282e-06,0.0038709677419354657,5.865102639296187e-06
1.0432258064516131,2.346041055718475e-05,0.0021878483816532937,9.944765371151417e-06
1.0361290322580645,8.797653958944282e-05,0.015650979962204128,7.001370314553268e-05
1.0574193548387096,1.466275659824047e-05,0.004493028476510979,1.466275659824047e-05
1.0625806451612902,8.797653958944282e-06,0.0016448450043847452,3.5916271888316394e-06
1.069032258064516,1.1730205278592376e-05,0.005455333717834769,5.48630115362748e-06
1.0658064516129033,2.932551319648094e-06,0.0021878483816533062,2.9325513196480935e-06
1.0696774193548388,0.0,0.0007901579815430034,0.0
1.0735483870967744,2.932551319648094e-06,0.0031275353918815254,2.9325513196480935e-06
1.0703225806451613,1.1730205278592376e-05,0.005038870758649463,8.549782837016569e-06
1.070967741935484,4.105571847507331e-05,0.00432787350483828,1.4216069963097738e-05
1.0877419354838709,0.0,0.001206986253798028,0.0
1.084516129032258,2.346041055718475e-05,0.0012069862537980338,9.944765371151419e-06
1.0870967741935484,8.797653958944282e-06,0.0032258064516129223,3.5916271888316394e-06
1.0941935483870968,5.865102639296188e-06,0.001580315963085939,3.5916271888316394e-06
1.0941935483870968,5.865102639296188e-06,0.002139757929261547,3.5916271888316394e-06
1.0948387096774195,8.797653958944282e-06,0.0012903225806451867,3.5916271888316394e-06
1.0980645161290323,1.1730205278592376e-05,0.004156160879588743,7.183254377663279e-06
1.1038709677419356,5.865102639296188e-06,0.0018809522241436598,3.5916271888316394e-06
1.1032258064516127,8.797653958944282e-06,0.0039507899077147815,5.865102639296188e-06
1.110322580645161,1.1730205278592376e-05,0.002139757929261584,8.549782837016569e-06
1.1161290322580644,2.932551319648094e-06,0.002280989616730812,2.9325513196480935e-06
1.1161290322580644,1.7595307917888564e-05,0.0024986989330370492,1.4216069963097738e-05
1.1154838709677422,1.1730205278592376e-05,0.0032896900087695316,5.48630115362748e-06
1.116774193548387,2.6392961876832843e-05,0.0048279450151921975,2.2903957993861154e-05
1.1219354838709679,5.865102639296188e-06,0.003870967741935514,3.5916271888316394e-06
1.1290322580645162,1.466275659824047e-05,0.001442624501612771,9.273541525420467e-06
1.1283870967741936,8.797653958944282e-06,0.0027749436345298854,5.865102639296187e-06
1.129032258064516,2.932551319648094e-06,0.005300540879082263,2.9325513196480935e-06
1.1412903225806452,5.865102639296188e-06,0.0043756967633066055,5.865102639296187e-06
1.132258064516129,1.466275659824047e-05,0.006034931268990204,6.5573840982398524e-06
1.1451612903225807,8.797653958944282e-06,0.002040179135592508,5.865102639296188e-06
1.143225806451613,2.0527859237536656e-05,0.003897756765675652,5.865102639296188e-06
1.1529032258064515,1.466275659824047e-05,0.002620657549882584,8.03112254406402e-06
1.1541935483870966,1.1730205278592376e-05,0.001880952224143675,8.549782837016569e-06
1.1625806451612903,2.932551319648094e-06,0.0026206575498825624,2.9325513196480935e-06
1.1593548387096775,4.3988269794721414e-05,0.010824491442298384,3.7094166101681875e-05
1.1683870967741936,2.346041055718475e-05,0.00731340906371263,1.9997333866548172e-05
1.1664516129032259,8.797653958944282e-06,0.00218784838165328,3.5916271888316394e-06
1.1716129032258062,2.932551319648094e-06,0.002139757929261547,2.9325513196480935e-06
1.1748387096774195,2.932551319648094e-06,0.0018809522241436598,2.9325513196480935e-06
1.1664516129032259,4.69208211143695e-05,0.009655890030384343,4.6920821114369496e-05
1.1787096774193548,1.466275659824047e-05,0.0033211710132215904,6.5573840982398524e-06
1.1858064516129034,2.0527859237536656e-05,0.001290322580645148,5.865102639296187e-06
1.189032258064516,8.797653958944282e-06,0.0031606319261718438,5.865102639296187e-06
1.1851612903225806,1.1730205278592376e-05,0.0046299032562604455,8.549782837016569e-06
1.195483870967742,2.932551319648094e-06,0.00218784838165328,2.9325513196480935e-06
1.2006451612903226,8.797653958944282e-06,0.0012069862537980518,5.865102639296188e-06
1.1806451612903226,7.917888563049854e-05,0.01583604865630139,7.192227840721832e-05
1.2019354838709677,1.466275659824047e-05,0.005261131106548392,1.466275659824047e-05
1.1993548387096777,3.2258064516129034e-05,0.00623841277606893,2.556538969818577e-05
1.2122580645161292,0.0,0.0023704739446288475,0.0
1.2083870967741934,4.69208211143695e-05,0.0026206575498825594,3.3242768471421213e-05
1.2154838709677418,5.865102639296188e-06,0.001206986253798028,5.865102639296187e-06
1.2141935483870967,5.865102639296188e-06,0.004955577901850719,5.865102639296187e-06
1.2141935483870967,1.1730205278592376e-05,0.006812487768368693,8.549782837016569e-06
1.2238709677419355,1.466275659824047e-05,0.002187848381653303,6.5573840982398524e-06
1.2116129032258065,7.624633431085043e-05,0.014555502158294832,6.580294918567997e-05
1.2309677419354839,2.6392961876832843e-05,0.005734318978913286,2.2903957993861154e-05
1.2393548387096776,0.0,0.0023704739446288475,0.0
1.238709677419355,8.797653958944282e-06,0.0024986989330370492,8.797653958944282e-06
1.2361290322580643,5.865102639296188e-06,0.004493028476510991,3.5916271888316394e-06
1.253548387096774,8.797653958944282e-06,0.01012923772135973,8.797653958944282e-06
1.2509677419354839,2.932551319648094e-06,0.00213975792926156,2.9325513196480935e-06
1.2496774193548388,2.346041055718475e-05,0.0029914898372566754,8.797653958944282e-06
1.2496774193548388,2.6392961876832843e-05,0.003897756765675652,1.6327754729706806e-05
1.2619354838709678,8.797653958944282e-06,0.001206986253798028,3.5916271888316394e-06
1.2716129032258063,0.0,0.008186179058354537,0.0
1.2606451612903224,1.466275659824047e-05,0.0006451612903225711,4.6367707627102336e-06
1.2670967741935484,0.0,0.001580315963085939,0.0
1.2606451612903227,9.97067448680352e-05,0.007592646642541784,6.741679725849062e-05
1.2696774193548388,8.797653958944282e-06,0.004279515858523092,5.865102639296188e-06
1.2748387096774194,2.932551319648094e-06,0.001206986253798028,2.9325513196480935e-06
1.275483870967742,1.466275659824047e-05,0.004629903256260443,4.6367707627102336e-06
1.293548387096774,0.0,0.006531760235908568,0.0
1.2883870967741935,0.0,0.0038977567656756757,0.0
1.286451612903226,2.932551319648094e-06,0.004131047895117966,2.9325513196480935e-06
1.3025806451612902,5.865102639296188e-06,0.007096774193548403,3.5916271888316394e-06
1.290967741935484,2.0527859237536656e-05,0.005982979674513357,1.4366508755326558e-05
1.3,5.865102639296188e-06,0.002698903311400244,3.5916271888316394e-06
1.3058064516129033,5.865102639296188e-06,0.0015803159630858982,5.865102639296187e-06
1.3103225806451613,1.466275659824047e-05,0.0048279450151921975,9.273541525420467e-06
1.3096774193548388,2.932551319648094e-06,0.003950789907714791,2.9325513196480935e-06
1.3103225806451613,5.865102639296188e-06,0.003127535391881507,3.5916271888316394e-06
1.3167741935483872,0.0,0.001206986253798028,0.0
1.3129032258064517,5.865102639296188e-06,0.00432787350483828,3.5916271888316394e-06
1.3167741935483872,5.865102639296188e-06,0.002370473944628881,5.865102639296187e-06
1.3251612903225807,1.1730205278592376e-05,0.0012069862537980693,5.48630115362748e-06
1.3174193548387096,8.797653958944282e-06,0.006255070783763041,8.797653958944282e-06
1.3283870967741935,5.865102639296188e-06,0.0023704739446288744,5.865102639296187e-06
1.3335483870967741,2.932551319648094e-06,0.002812192866800426,2.9325513196480935e-06
1.3361290322580643,5.865102639296188e-06,0.004375696763306647,3.5916271888316394e-06
1.3374193548387099,1.1730205278592376e-05,0.0021878483816533158,5.48630115362748e-06
1.3425806451612903,8.797653958944282e-06,0.0021397579292615535,8.797653958944282e-06
1.3329032258064517,5.865102639296188e-05,0.011052801096136657,5.1632894022460436e-05
1.3516129032258064,8.797653958944282e-06,0.0022809896167307964,8.797653958944282e-06
1.3490322580645162,1.1730205278592376e-05,0.005339659792660274,7.183254377663279e-06
1.3574193548387097,0.0,0.0048279450151921975,0.0
1.3567741935483872,2.6392961876832843e-05,0.005261131106548426,2.2903957993861154e-05
1.350967741935484,5.865102639296188e-05,0.011468637957826567,4.8409307974249784e-05
1.3670967741935482,0.0,0.0018809522241436175,0.0
1.355483870967742,6.451612903225807e-05,0.011513915030693348,5.727866564406044e-05
1.363225806451613,4.98533724340176e-05,0.009382606175644494,4.627487929049707e-05
1.376774193548387,8.797653958944282e-06,0.0031275353918815006,5.865102639296187e-06
1.3812903225806452,8.797653958944282e-06,0.0012069862537980754,3.5916271888316394e-06
1.3729032258064515,8.797653958944282e-06,0.006812487768368676,8.797653958944282e-06
1.3922580645161289,1.1730205278592376e-05,0.009043771463791088,1.1730205278592374e-05
1.3812903225806452,4.98533724340176e-05,0.0046073731797050725,2.252535409932143e-05
1.3890322580645162,5.865102639296188e-06,0.003160631926171826,5.865102639296187e-06
1.3954838709677417,2.932551319648094e-06,0.0012903225806451422,2.9325513196480935e-06
1.3935483870967744,0.0,0.0036779852422552687,0.0
1.4077419354838712,1.1730205278592376e-05,0.006499819896648384,8.549782837016569e-06
1.3987096774193548,1.7595307917888564e-05,0.0021878483816533158,8.549782837016569e-06
1.406451612903226,5.865102639296188e-06,0.002040179135592473,3.5916271888316394e-06
1.4109677419354842,8.797653958944282e-06,0.002620657549882565,3.5916271888316394e-06
1.4129032258064518,5.865102639296188e-06,0.002280989616730812,3.5916271888316394e-06
1.4174193548387097,1.466275659824047e-05,0.0028121928668004797,8.03112254406402e-06
1.4161290322580644,1.466275659824047e-05,0.002280989616730812,6.5573840982398524e-06
1.4206451612903226,2.932551319648094e-06,0.00415616087958877,2.9325513196480935e-06
1.427741935483871,8.797653958944282e-06,0.0029914898372566754,8.797653958944282e-06
1.441935483870968,5.865102639296188e-06,0.009784355411679423,5.865102639296187e-06
1.4309677419354838,5.865102639296188e-06,0.005059479723018758,3.5916271888316394e-06
1.432258064516129,3.519061583577713e-05,0.005770498006451035,3.16525412682154e-05
1.4419354838709677,2.0527859237536656e-05,0.0036779852422553078,1.4366508755326558e-05
1.4419354838709677,1.7595307917888564e-05,0.0033832543489359865,1.4216069963097738e-05
1.4425806451612904,2.932551319648094e-06,0.0023704739446289017,2.9325513196480935e-06
1.4516129032258065,8.797653958944282e-06,0.0017668469596940585,5.865102639296188e-06
1.4438709677419355,6.158357771260997e-05,0.020720628197098977,5.79874484847073e-05
1.456774193548387,1.1730205278592376e-05,0.0021878483816532867,7.183254377663279e-06
1.4574193548387098,1.7595307917888564e-05,0.0031275353918814954,1.4216069963097738e-05
1.4593548387096775,5.865102639296188e-06,0.002812192866800421,5.865102639296187e-06
1.470967741935484,1.7595307917888564e-05,0.006451612903225817,1.4216069963097738e-05
1.4683870967741934,2.6392961876832843e-05,0.006873314758923411,1.2613380156953998e-05
1.4696774193548388,1.466275659824047e-05,0.0050594797230187555,1.466275659824047e-05
1.4729032258064516,5.865102639296188e-06,0.0019354838709677656,3.5916271888316394e-06
1.4806451612903226,0.0,0.0022809896167307964,0.0
1.48,2.932551319648094e-06,0.0032896900087695316,2.9325513196480935e-06
1.4845161290322582,1.1730205278592376e-05,0.002139757929261554,8.549782837016569e-06
1.4903225806451614,1.466275659824047e-05,0.00714062697457376,8.03112254406402e-06
1.4948387096774194,5.865102639296188e-06,0.002620657549882548,5.865102639296187e-06
1.494193548387097,0.0,0.004255130954281568,0.0
1.4980645161290322,1.1730205278592376e-05,0.002620657549882529,7.183254377663279e-06
1.5083870967741935,0.0,0.005261131106548426,0.0
1.5064516129032257,5.865102639296188e-06,0.010795613245600962,3.5916271888316394e-06
1.5032258064516129,2.346041055718475e-05,0.0026989033114002835,9.944765371151419e-06
1.512258064516129,2.932551319648094e-06,0.003444218790977831,2.9325513196480935e-06
1.5219354838709676,8.797653958944282e-06,0.011052801096136655,8.797653958944282e-06
1.52,1.466275659824047e-05,0.002139757929261547,1.135772242289565e-05
1.5167741935483872,5.865102639296188e-06,0.004255130954281575,5.865102639296187e-06
1.5200000000000002,5.865102639296188e-06,0.005895376413708732,3.5916271888316394e-06
1.5212903225806453,2.346041055718475e-05,0.003321171013221648,1.191207977219349e-05
1.514193548387097,6.451612903225807e-05,0.01276539286284474,5.727866564406044e-05
1.5341935483870968,8.797653958944282e-06,0.0016448450043847845,3.5916271888316394e-06
1.5367741935483872,0.0,0.005059479723018754,0.0
1.538064516129032,5.865102639296188e-06,0.0023704739446288865,3.5916271888316394e-06
1.5458064516129033,0.0,0.0015803159630858982,0.0
1.5490322580645164,5.865102639296188e-06,0.007927874662867396,5.865102639296187e-06
1.5477419354838708,1.7595307917888564e-05,0.0031275353918815275,8.549782837016569e-06
1.5361290322580645,7.331378299120235e-05,0.01514412205716837,6.970594911439714e-05
1.545806451612903,5.865102639296188e-05,0.010118959446037516,4.79631297178772e-05
1.5587096774193547,2.0527859237536656e-05,0.0031275353918814933,1.0972602307254957e-05
1.5587096774193547,1.7595307917888564e-05,0.002580645161290315,1.0774881566494917e-05
1.56,1.466275659824047e-05,0.003321171013221592,1.135772242289565e-05
1.5690322580645162,3.519061583577713e-05,0.008810645344353349,2.4796971444703462e-05
1.5703225806451613,1.1730205278592376e-05,0.0023704739446288744,5.48630115362748e-06
1.5716129032258066,1.1730205278592376e-05,0.0027749436345298802,5.48630115362748e-06
1.5729032258064517,1.466275659824047e-05,0.0012903225806451422,1.135772242289565e-05
1.5761290322580643,8.797653958944282e-06,0.002991489837256678,8.797653958944282e-06
1.5864516129032258,4.105571847507332e-05,0.01388970976878129,3.7497688717139075e-05
1.585806451612903,8.797653958944282e-06,0.002812192866800426,5.865102639296188e-06
1.5948387096774195,2.932551319648094e-06,0.001290322580645159,2.9325513196480935e-06
1.5974193548387097,2.932551319648094e-06,0.002370473944628889,2.9325513196480935e-06
1.601290322580645,2.932551319648094e-06,0.0026206575498825624,2.9325513196480935e-06
1.5948387096774195,3.519061583577713e-05,0.006086439440036512,2.8051505087549838e-05
1.6006451612903227,2.932551319648094e-05,0.006321263852343702,2.5816447011230218e-05
1.606451612903226,1.7595307917888564e-05,0.009942603230595114,1.4216069963097738e-05
1.613548387096774,1.1730205278592376e-05,0.00855903171704621,8.549782837016569e-06
1.5987096774193548,7.038123167155426e-05,0.01511661227594839,6.677593863188096e-05
1.6225806451612903,8.797653958944282e-06,0.01154099601290212,5.865102639296187e-06
1.6199999999999999,0.0,0.0027749436345298802,0.0
1.6161290322580648,4.105571847507331e-05,0.006204962600539156,2.719536215687889e-05
1.6264516129032258,2.932551319648094e-06,0.0015803159630859342,2.9325513196480935e-06
1.6283870967741936,5.865102639296188e-06,0.0037341409363839334,5.865102639296187e-06
1.6309677419354838,1.1730205278592376e-05,0.002620657549882565,5.48630115362748e-06
1.636774193548387,5.865102639296188e-06,0.0016448450043847452,5.865102639296187e-06
1.6341935483870969,2.0527859237536656e-05,0.0036209587613941197,1.3597681078439445e-05
1.6458064516129032,5.865102639296188e-06,0.005895376413708717,3.5916271888316394e-06
1.6419354838709679,6.451612903225808e-05,0.01757990528185643,6.0916651254665665e-05
1.656774193548387,8.797653958944282e-06,0.00767443693765829,3.5916271888316394e-06
1.6561290322580646,0.0,0.00164484500438478,0.0
1.6464516129032258,4.69208211143695e-05,0.007111421833886597,3.0192463756560123e-05
1.6503225806451614,2.346041055718475e-05,0.005059479723018782,9.944765371151419e-06
1.6600000000000001,8.797653958944282e-06,0.002991489837256666,5.865102639296188e-06
1.6593548387096775,8.797653958944282e-06,0.0012903225806451643,5.865102639296187e-06
1.6638709677419352,1.7595307917888564e-05,0.00400312053096482,8.549782837016569e-06
1.674838709677419,0.0,0.0006451612903226157,0.0
1.6722580645161291,8.797653958944282e-06,0.004156160879588777,8.797653958944282e-06
1.678709677419355,5.865102639296188e-06,0.0012903225806451422,3.5916271888316394e-06
1.6877419354838707,1.466275659824047e-05,0.005531105870800731,4.6367707627102336e-06
1.6806451612903224,3.2258064516129034e-05,0.007496096799111138,3.2258064516129034e-05
1.6858064516129034,1.7595307917888564e-05,0.0016448450043847714,5.486301153627479e-06
1.6870967741935483,8.797653958944282e-06,0.0017668469596940988,5.865102639296187e-06
1.6929032258064516,5.865102639296188e-06,0.0037341409363839248,5.865102639296187e-06
1.692258064516129,2.932551319648094e-05,0.004629903256260402,1.9117895616430055e-05
1.6916129032258067,5.2785923753665686e-05,0.012435055011223481,4.9202233828629074e-05
1.7006451612903226,1.7595307917888564e-05,0.0018809522241436522,1.0774881566494919e-05
1.7058064516129032,2.932551319648094e-06,0.00213975792926156,2.9325513196480935e-06
1.6993548387096773,5.571847507331378e-05,0.0120439707758674,5.571847507331379e-05
1.7116129032258065,2.0527859237536656e-05,0.002991489837256666,1.3597681078439445e-05
1.7154838709677418,1.1730205278592376e-05,0.0018809522241436405,5.48630115362748e-06
1.72,5.865102639296188e-06,0.0012069862537980693,3.5916271888316394e-06
1.7206451612903226,0.0,0.002991489837256685,0.0
1.7103225806451612,7.624633431085045e-05,0.013119160908169504,5.817253497031488e-05
1.7296774193548388,8.797653958944282e-06,0.001206986253798028,5.865102639296187e-06
1.7270967741935486,2.932551319648094e-05,0.004740947889257775,2.5816447011230218e-05
1.7387096774193551,2.0527859237536656e-05,0.010795613245601025,8.79765395894428e-06
1.7354838709677416,2.932551319648094e-06,0.0042059370356146005,2.9325513196480935e-06
1.7406451612903227,1.7595307917888564e-05,0.0021878483816532798,1.4216069963097738e-05
1.7438709677419353,1.1730205278592376e-05,0.0031606319261718373,1.1730205278592374e-05
1.745806451612903,0.0,0.0051410895001642665,0.0
1.7503225806451614,1.1730205278592376e-05,0.004629903256260446,1.1730205278592374e-05
1.7606451612903224,2.932551319648094e-06,0.010322580645161299,2.9325513196480935e-06
1.7445161290322582,7.624633431085043e-05,0.014831695396867945,6.580294918567997e-05
1.7593548387096773,5.865102639296188e-06,0.001644845004384745,3.5916271888316394e-06
1.7606451612903224,1.466275659824047e-05,0.002774943634529903,1.135772242289565e-05
1.7619354838709675,2.6392961876832843e-05,0.003127535391881509,1.6327754729706806e-05
1.7703225806451612,8.797653958944282e-06,0.0032896900087695316,8.797653958944282e-06
1.7767741935483872,5.865102639296188e-06,0.005241315099765144,3.5916271888316394e-06
1.778709677419355,8.797653958944282e-06,0.002187848381653326,8.797653958944282e-06
1.7819354838709678,1.7595307917888564e-05,0.002413972507596056,1.0774881566494917e-05
1.7838709677419355,5.865102639296188e-06,0.002040179135592473,5.865102639296187e-06
1.792258064516129,2.0527859237536656e-05,0.009709623834382205,1.0972602307254958e-05
1.7819354838709678,8.797653958944282e-06,0.0043994134506406025,5.865102639296187e-06
1.790967741935484,5.865102639296188e-06,0.0025806451612903347,3.5916271888316394e-06
1.7883870967741935,1.466275659824047e-05,0.0034742998755706504,1.135772242289565e-05
1.803225806451613,8.797653958944282e-06,0.002280989616730765,5.865102639296187e-06
1.8070967741935484,5.865102639296188e-06,0.0068733147589234034,3.5916271888316394e-06
1.8012903225806451,2.6392961876832843e-05,0.005161290322580641,7.183254377663279e-06
1.803225806451613,2.932551319648094e-05,0.007701507346008598,2.5816447011230218e-05
1.806451612903226,2.932551319648094e-05,0.003383254348935976,1.5378428858799876e-05
1.8135483870967744,0.0,0.0018809522241436632,0.0
1.815483870967742,2.932551319648094e-06,0.0031275353918815,2.9325513196480935e-06
1.8193548387096772,2.932551319648094e-06,0.0017668469596940585,2.9325513196480935e-06
1.8258064516129031,2.932551319648094e-06,0.0024986989330370492,2.9325513196480935e-06
1.8258064516129031,8.797653958944282e-06,0.003383254348935976,3.5916271888316394e-06
1.8277419354838713,8.797653958944282e-06,0.003160631926171837,5.865102639296187e-06
1.8316129032258064,1.1730205278592376e-05,0.004493028476511018,8.549782837016569e-06
1.8277419354838709,2.346041055718475e-05,0.002991489837256685,7.4765682017489515e-06
1.8393548387096774,8.797653958944282e-06,0.0021397579292615535,5.865102639296187e-06
1.8419354838709676,8.797653958944282e-06,0.003383254348935955,3.5916271888316394e-06
1.8458064516129036,0.0,0.0031275353918814933,0.0
1.8509677419354837,1.466275659824047e-05,0.00606931862007313,1.135772242289565e-05
1.850967741935484,1.1730205278592376e-05,0.004493028476510983,5.48630115362748e-06
1.844516129032258,6.451612903225807e-05,0.010322580645161299,4.696661987697058e-05
1.8606451612903225,2.932551319648094e-06,0.002956500448358585,2.9325513196480935e-06
1.855483870967742,3.519061583577713e-05,0.01347136323730393,3.16525412682154e-05
1.8606451612903225,2.6392961876832843e-05,0.0057161435956997915,2.6392961876832843e-05
1.8690322580645162,5.865102639296188e-06,0.0021878483816533327,3.5916271888316394e-06
1.872258064516129,1.466275659824047e-05,0.003897756765675665,9.273541525420467e-06
1.878709677419355,5.865102639296188e-06,0.0021878483816533453,3.5916271888316394e-06
1.874838709677419,4.105571847507331e-05,0.003734140936383943,1.697336789265429e-05
1.8838709677419352,1.1730205278592376e-05,0.002698903311400244,1.1730205278592374e-05
1.8883870967741934,1.1730205278592376e-05,0.0012903225806451422,7.183254377663279e-06
1.8877419354838711,1.1730205278592376e-05,0.003592106040535477,5.48630115362748e-06
1.890967741935484,1.1730205278592376e-05,0.004375696763306632,5.48630115362748e-06
1.8967741935483873,0.0,0.0032258064516129,0.0
1.9012903225806455,5.865102639296188e-06,0.0016448450043847625,5.865102639296187e-06
1.8890322580645162,6.744868035190616e-05,0.015013001649316253,6.744868035190614e-05
1.8961290322580644,2.932551319648094e-06,0.004718948012363812,2.9325513196480935e-06
1.9064516129032256,8.797653958944282e-06,0.0036779852422552687,5.865102639296187e-06
1.9141935483870967,5.865102639296188e-06,0.001290322580645159,3.5916271888316394e-06
1.9122580645161293,1.1730205278592376e-05,0.002139757929261557,7.183254377663279e-06
1.9122580645161293,1.1730205278592376e-05,0.003127535391881509,5.48630115362748e-06
1.9174193548387095,5.865102639296188e-06,0.005549887269059758,3.5916271888316394e-06
1.9122580645161293,6.451612903225807e-05,0.01057159329559606,5.419272320403615e-05
1.9406451612903226,0.0,0.006812487768368657,0.0
1.9329032258064516,8.797653958944282e-06,0.0018809522241436175,5.865102639296188e-06
1.92,6.451612903225807e-05,0.011913667943625408,5.727866564406044e-05
1.9464516129032259,5.865102639296188e-06,0.007184212081070976,3.5916271888316394e-06
1.9380645161290322,8.797653958944282e-06,0.004718948012363812,5.865102639296187e-06
1.9483870967741936,2.932551319648094e-06,0.0017668469596940782,2.9325513196480935e-06
1.9438709677419357,1.7595307917888564e-05,0.003321171013221605,8.549782837016569e-06
1.9483870967741936,1.466275659824047e-05,0.0017668469596940782,8.03112254406402e-06
1.9516129032258065,8.797653958944282e-06,0.0010200895677962365,5.865102639296187e-06
1.9419354838709677,8.504398826979473e-05,0.01557099146599635,6.725715508023293e-05
1.9625806451612902,5.865102639296188e-06,0.003321171013221609,3.5916271888316394e-06
1.9548387096774196,5.2785923753665686e-05,0.01219849703302518,4.580791598772231e-05
1.9651612903225804,0.0,0.0023704739446288987,0.0
1.9741935483870967,0.0,0.002698903311400244,0.0
1.961935483870968,1.7595307917888564e-05,0.0032896900087695164,8.549782837016569e-06
1.9780645161290322,2.932551319648094e-06,0.0021397579292615535,2.9325513196480935e-06
1.978709677419355,5.865102639296188e-06,0.0019354838709677578,3.5916271888316394e-06
1.9761290322580645,2.346041055718475e-05,0.003897756765675653,3.5916271888316394e-06
1.9832258064516133,1.466275659824047e-05,0.0018809522241436175,4.6367707627102336e-06
1.9806451612903224,2.6392961876832843e-05,0.004080358271184998,1.1730205278592374e-05
1.9961290322580645,8.797653958944282e-06,0.001206986253798028,3.5916271888316394e-06
1.9974193548387098,2.6392961876832843e-05,0.009315825211737822,1.6327754729706806e-05
2.0,1.1730205278592376e-05,0.0010200895677961663,5.48630115362748e-06
2.0051612903225804,2.932551319648094e-06,0.003321171013221601,2.9325513196480935e-06
2.003225806451613,8.797653958944282e-06,0.0017668469596940988,8.797653958944282e-06
2.0103225806451612,5.865102639296188e-06,0.0018809522241436632,3.5916271888316394e-06
2.009032258064516,1.466275659824047e-05,0.0027749436345299063,1.135772242289565e-05
2.0187096774193547,1.1730205278592376e-05,0.005241315099765058,5.48630115362748e-06
2.0180645161290323,5.865102639296188e-06,0.002187848381653352,5.865102639296187e-06
2.0129032258064514,3.2258064516129034e-05,0.008096709934200697,3.2258064516129034e-05
2.021290322580645,2.932551319648094e-06,0.002413972507596127,2.9325513196480935e-06
2.0238709677419355,2.932551319648094e-06,0.0034742998755706504,2.9325513196480935e-06
2.024516129032258,2.932551319648094e-05,0.006963559079007374,1.39103122881307e-05
2.032258064516129,5.865102639296188e-06,0.00628825441600585,3.5916271888316394e-06
2.0406451612903225,8.797653958944282e-06,0.011248771467201756,5.865102639296187e-06
2.0354838709677416,2.6392961876832843e-05,0.003950789907714763,1.9341504337643574e-05
2.039354838709677,2.932551319648094e-05,0.004003120530964705,1.2267742324546562e-05
2.050322580645161,2.932551319648094e-06,0.0024139725075961508,2.9325513196480935e-06
2.0561290322580645,3.2258064516129034e-05,0.010920200567619791,2.194520461450992e-05
2.06,2.932551319648094e-06,0.0016448450043847975,2.9325513196480935e-06
2.0483870967741935,8.797653958944282e-06,0.002698903311400257,8.797653958944282e-06
2.047741935483871,6.451612903225808e-05,0.01221554595403967,6.0916651254665665e-05
2.047741935483871,7.917888563049854e-05,0.01436842416214199,6.468253665722223e-05
2.064516129032258,8.797653958944282e-06,0.003383254348936029,3.5916271888316394e-06
2.067741935483871,1.1730205278592376e-05,0.0026989033114002306,7.183254377663279e-06
2.0780645161290323,5.865102639296188e-06,0.006642342026443182,3.5916271888316394e-06
2.0729032258064515,1.7595307917888564e-05,0.00484945044463644,7.183254377663279e-06
2.0761290322580646,1.7595307917888564e-05,0.004516129032258017,1.1730205278592376e-05
2.0761290322580646,5.865102639296188e-06,0.005549887269059766,3.5916271888316394e-06
2.0851612903225805,5.865102639296188e-06,0.0024139725075961265,5.865102639296187e-06
2.0864516129032262,2.932551319648094e-06,0.003592106040535477,2.9325513196480935e-06
2.0903225806451617,5.865102639296188e-06,0.0022809896167307964,5.865102639296187e-06
2.096774193548387,5.865102639296188e-06,0.0010200895677962365,3.5916271888316394e-06
2.096774193548387,2.346041055718475e-05,0.0035336939193881976,1.645890346088244e-05
2.101935483870968,8.797653958944282e-06,0.0024139725075960675,5.865102639296188e-06
2.1070967741935482,0.0,0.0006451612903226156,0.0
2.106451612903226,1.466275659824047e-05,0.0026989033114002306,0.0
2.112258064516129,5.865102639296188e-06,0.001206986253798111,3.5916271888316394e-06
2.1174193548387104,0.0,0.0012903225806451422,0.0
2.115483870967742,1.1730205278592376e-05,0.004255130954281609,5.48630115362748e-06
2.1025806451612903,9.3841642228739e-05,0.0148667337055522,6.367756818360252e-05
2.120645161290322,3.812316715542522e-05,0.007940989435542613,2.4796971444703462e-05
2.129032258064516,8.797653958944282e-06,0.0036779852422552687,5.865102639296188e-06
2.132258064516129,8.797653958944282e-06,0.0022809896167307964,5.865102639296188e-06
2.129677419354839,1.7595307917888564e-05,0.003734140936383954,1.4216069963097741e-05
2.1341935483870964,0.0,0.002991489837256668,0.0
2.144516129032258,5.865102639296188e-06,0.010372861413428115,3.5916271888316394e-06
2.141935483870968,5.865102639296188e-06,0.004205937035614585,5.865102639296187e-06
2.1406451612903226,5.865102639296188e-06,0.0037619044482873343,3.5916271888316394e-06
2.1425806451612903,1.1730205278592376e-05,0.005038870758649463,7.183254377663279e-06
2.141935483870968,5.865102639296188e-06,0.0017668469596940177,3.5916271888316394e-06
2.1464516129032254,4.69208211143695e-05,0.009326988577290975,4.6920821114369496e-05
2.1651612903225805,0.0,0.008559031717046205,0.0
2.160645161290323,1.466275659824047e-05,0.0037341409363839235,1.466275659824047e-05
2.1651612903225805,0.0,0.0027749436345299006,0.0
2.1696774193548385,5.865102639296188e-06,0.0021878483816533,3.5916271888316394e-06
2.170967741935484,5.865102639296188e-06,0.001442624501612697,3.5916271888316394e-06
2.1703225806451614,5.865102639296188e-06,0.005716143595699777,5.865102639296187e-06
2.1761290322580646,1.1730205278592376e-05,0.0012903225806451311,7.183254377663279e-06
2.1806451612903226,5.865102639296188e-06,0.005100447838981225,5.865102639296187e-06
2.1761290322580646,2.346041055718475e-05,0.006337704098189836,1.6458903460882442e-05
2.1780645161290324,1.7595307917888564e-05,0.005716143595699745,8.549782837016569e-06
2.189032258064516,1.466275659824047e-05,0.0033211710132216242,8.03112254406402e-06
2.1903225806451614,8.797653958944282e-06,0.002885249003225592,5.865102639296188e-06
2.201935483870968,8.797653958944282e-06,0.0024139725075961447,3.5916271888316394e-06
2.1993548387096777,5.865102639296188e-06,0.0037341409363839274,3.5916271888316394e-06
2.2006451612903226,2.346041055718475e-05,0.0025806451612903625,7.4765682017489515e-06
2.210322580645161,2.932551319648094e-06,0.001206986253798111,2.9325513196480935e-06
2.207741935483871,8.797653958944282e-06,0.0034742998755706665,5.865102639296187e-06
2.2129032258064516,1.1730205278592376e-05,0.0014426245016128457,8.549782837016569e-06
2.2122580645161287,2.346041055718475e-05,0.0021397579292615635,9.944765371151419e-06
2.2167741935483867,8.797653958944282e-06,0.002580645161290318,3.5916271888316394e-06
2.2232258064516133,2.932551319648094e-06,0.001206986253798028,2.9325513196480935e-06
2.2070967741935483,9.384164222873902e-05,0.013964426336718343,6.0206642720374825e-05
2.236774193548387,1.1730205278592376e-05,0.006812487768368634,7.183254377663279e-06
2.234838709677419,5.865102639296188e-06,0.008058061933417343,3.5916271888316394e-06
2.2387096774193553,1.1730205278592376e-05,0.008411874071229244,5.486301153627479e-06
2.2406451612903227,8.797653958944282e-06,0.0019354838709677656,5.865102639296187e-06
2.241935483870968,8.797653958944282e-06,0.006689174630105705,8.797653958944282e-06
2.243225806451613,1.466275659824047e-05,0.004029030966708623,1.135772242289565e-05
2.233548387096774,3.519061583577713e-05,0.007674436937658198,2.4796971444703465e-05
2.2445161290322586,5.865102639296188e-06,0.00449302847651101,5.865102639296187e-06
2.2548387096774194,5.865102639296188e-05,0.017461120777708877,5.505860221559703e-05
2.2548387096774194,2.6392961876832843e-05,0.00530054087908227,1.343863840163003e-05
2.2619354838709675,8.797653958944282e-06,0.0012069862537979446,3.5916271888316394e-06
2.252258064516129,4.69208211143695e-05,0.007728482935942522,3.0546432046920316e-05
2.2683870967741937,0.0,0.0027749436345298646,0.0
2.274193548387097,5.865102639296188e-06,0.0010200895677962365,3.5916271888316394e-06
2.2625806451612904,6.158357771260997e-05,0.014083148356737452,5.79874484847073e-05
2.28258064516129,0.0,0.0016448450043847625,0.0
2.2838709677419358,2.932551319648094e-06,0.0010200895677962365,2.9325513196480935e-06
2.2838709677419353,8.797653958944282e-06,0.002280989616730859,3.5916271888316394e-06
2.286451612903226,0.0,0.0023704739446289255,0.0
2.2993548387096774,0.0,0.010067410667307852,0.0
2.2941935483870965,5.865102639296188e-06,0.0018809522241436632,5.865102639296187e-06
2.3006451612903223,2.932551319648094e-06,0.0018809522241436632,2.9325513196480935e-06
2.3012903225806456,5.865102639296188e-06,0.002991489837256668,5.865102639296187e-06
2.3064516129032255,1.1730205278592376e-05,0.003383254348935902,1.1730205278592374e-05
2.3083870967741933,1.1730205278592376e-05,0.0031606319261718373,1.1730205278592374e-05
2.3070967741935484,1.1730205278592376e-05,0.0015803159630859433,5.48630115362748e-06
2.310322580645161,8.797653958944282e-06,0.004003120530964813,8.797653958944282e-06
2.326451612903226,0.0,0.00792787466286741,0.0
2.3174193548387096,8.797653958944282e-06,0.003160631926171905,8.797653958944282e-06
2.3219354838709676,1.466275659824047e-05,0.0037341409363838922,6.5573840982398524e-06
2.329032258064516,5.865102639296188e-06,0.002040179135592508,3.5916271888316394e-06
2.3270967741935484,1.1730205278592376e-05,0.0029914898372566823,5.48630115362748e-06
2.3303225806451615,0.0,0.002187848381653326,0.0
2.3348387096774195,1.1730205278592376e-05,0.002370473944628956,8.549782837016569e-06
2.3400000000000003,0.0,0.0024139725075961265,0.0
2.341290322580645,8.797653958944282e-06,0.0015803159630858438,5.865102639296187e-06
2.347741935483871,5.865102639296188e-06,0.0018809522241436784,3.5916271888316394e-06
2.3516129032258064,2.932551319648094e-06,0.006034931268990187,2.9325513196480935e-06
2.3483870967741938,0.0,0.0033832543489359865,0.0
2.3522580645161293,1.1730205278592376e-05,0.0037341409363839885,7.183254377663279e-06
2.3541935483870966,5.865102639296188e-06,0.0027749436345298646,3.5916271888316394e-06
2.3606451612903223,1.466275659824047e-05,0.0027749436345298802,6.5573840982398524e-06
2.3754838709677424,8.797653958944282e-06,0.00863166978081265,5.865102639296187e-06
2.370322580645161,1.466275659824047e-05,0.00328969000876956,1.135772242289565e-05
2.3690322580645162,0.0,0.00389775676567564,0.0
2.3690322580645162,1.1730205278592376e-05,0.003321171013221629,2.9325513196480935e-06
2.374838709677419,1.466275659824047e-05,0.0031275353918815297,4.6367707627102336e-06
2.3767741935483873,1.1730205278592376e-05,0.005339659792660216,1.1730205278592374e-05
2.3825806451612905,1.466275659824047e-05,0.0019354838709677656,6.5573840982398524e-06
2.384516129032258,8.797653958944282e-06,0.0023704739446288653,3.5916271888316394e-06
2.393548387096774,8.797653958944282e-06,0.003383254348935923,5.865102639296188e-06
2.400645161290323,2.346041055718475e-05,0.005895376413708792,9.944765371151419e-06
2.3935483870967738,2.346041055718475e-05,0.0026989033114002306,9.944765371151419e-06
2.4019354838709677,5.865102639296188e-06,0.0012903225806451535,3.5916271888316394e-06
2.4070967741935485,0.0,0.0015803159630859525,0.0
2.40258064516129,8.797653958944282e-06,0.004003120530964752,3.5916271888316394e-06
2.409032258064516,5.865102639296188e-06,0.0018809522241437472,3.5916271888316394e-06
2.4070967741935485,1.7595307917888564e-05,0.00514108950016422,1.1730205278592376e-05
2.4174193548387093,1.1730205278592376e-05,0.0016448450043847016,5.48630115362748e-06
2.4161290322580644,1.1730205278592376e-05,0.004080358271184946,5.48630115362748e-06
2.42,1.1730205278592376e-05,0.0029565004483586114,5.48630115362748e-06
2.427096774193548,8.797653958944282e-06,0.0046299032562604585,3.5916271888316394e-06
2.4251612903225803,1.7595307917888564e-05,0.0023704739446288535,5.486301153627479e-06
2.4283870967741934,2.0527859237536656e-05,0.004718948012363766,1.0972602307254957e-05
2.432258064516129,1.7595307917888564e-05,0.0017668469596940585,5.486301153627479e-06
2.430967741935484,3.519061583577713e-05,0.009921649354341732,2.204295656652919e-05
2.438064516129032,1.466275659824047e-05,0.004003120530964801,4.6367707627102336e-06
2.440645161290323,3.2258064516129034e-05,0.0019354838709677135,5.486301153627479e-06
2.445161290322581,2.346041055718475e-05,0.0014426245016127463,5.865102639296188e-06
2.4451612903225803,5.865102639296188e-05,0.00637045730907473,2.622953639295941e-05
2.4490322580645163,3.2258064516129034e-05,0.004375696763306646,5.486301153627479e-06
2.4361290322580644,9.3841642228739e-05,0.015280928106228397,6.933484115857412e-05
2.4554838709677416,2.6392961876832843e-05,0.0032896900087695602,8.549782837016569e-06
2.4361290322580644,0.00012903225806451613,0.013198240351921811,6.279358681924885e-05
2.4593548387096775,3.812316715542522e-05,0.0036209587613941583,1.2782694849092883e-05
2.446451612903226,0.00011143695014662756,0.00807096516335285,3.977906148460567e-05
2.467096774193548,4.69208211143695e-05,0.0018809522241435873,2.9325513196480935e-06
2.4670967741935486,4.69208211143695e-05,0.0015803159630859707,8.549782837016569e-06
2.470322580645161,5.2785923753665686e-05,0.0023704739446288835,3.5916271888316394e-06
2.4632258064516135,6.158357771260997e-05,0.007256272180130273,1.0774881566494917e-05
2.472903225806452,5.865102639296188e-05,0.0021878483816532737,4.6367707627102336e-06
2.465161290322581,0.00012903225806451613,0.014866733705552106,6.0704520658312166e-05
2.480645161290323,5.571847507331378e-05,0.0033832543489359865,1.4216069963097738e-05
2.4864516129032257,5.865102639296188e-05,0.003289690008769577,1.39103122881307e-05
2.4825806451612906,7.331378299120235e-05,0.003160631926171878,6.5573840982398524e-06
2.4812903225806453,8.211143695014662e-05,0.0031275353918815067,3.5916271888316394e-06
2.48258064516129,7.624633431085043e-05,0.004740947889257773,2.0422856711413662e-05
2.4683870967741934,0.0001818181818181818,0.012716389254469038,5.478457974272553e-05
2.4903225806451608,7.917888563049854e-05,0.006370457309074695,8.79765395894428e-06
2.4903225806451617,0.00010850439882697947,0.0036779852422552687,7.4765682017489515e-06
2.5032258064516126,0.00010557184750733137,0.010601081758164566,5.48630115362748e-06
2.5000000000000004,0.00011143695014662756,0.0028852490032254675,8.79765395894428e-06
2.499354838709677,0.00012023460410557184,0.0006451612903226156,2.932551319648094e-06
2.5,0.0001378299120234604,0.002498698933037064,1.3597681078439452e-05
2.5058064516129033,0.00013196480938416422,0.004255130954281656,4.6367707627102336e-06
2.5038709677419355,0.0001466275659824047,0.002370473944628847,1.036813462150363e-05
2.50258064516129,0.00014956011730205278,0.0032896900087695815,5.486301153627479e-06
2.5051612903225804,0.00015835777126099707,0.0016448450043847886,5.48630115362748e-06
2.5032258064516126,0.0001935483870967742,0.01752061369548417,4.359550952292817e-05
2.5109677419354837,0.00017888563049853372,0.00462990325626038,3.0192463756560116e-05
2.516774193548387,0.00016129032258064516,0.001580315963085871,1.5378428858799876e-05
2.5238709677419355,0.00017595307917888563,0.007808850604458148,4.636770762710238e-06
2.516129032258065,0.00018475073313782992,0.002280989616730828,5.865102639296188e-06
2.518709677419355,0.0001906158357771261,0.002139757929261503,1.135772242289565e-05
2.514838709677419,0.00021700879765395895,0.0024139725075961564,5.48630115362748e-06
2.52258064516129,0.00020821114369501463,0.00269890331140023,2.932551319648094e-06
2.5141935483870967,0.0002346041055718475,0.0028121928668003726,4.6367707627102336e-06
2.5180645161290323,0.00022873900293255133,0.004279515858523087,7.4765682017489515e-06
2.527741935483871,0.00025513196480938415,0.006171331119260981,3.5916271888316394e-06
2.5174193548387103,0.0002521994134897361,0.003620958761394159,2.9325513196480935e-06
2.5019354838709678,0.00034017595307917885,0.01595388776629456,7.638719224417071e-05
2.5303225806451612,0.00024340175953079177,0.006337704098189816,2.1045014801183756e-05
2.5303225806451612,0.0002727272727272727,0.0007901579815429671,5.865102639296187e-06
2.534838709677419,0.0002521994134897361,0.004375696763306609,2.1449763692562745e-05
2.5258064516129033,0.00029032258064516127,0.0042059370356146005,2.9325513196480935e-06
2.535483870967742,0.0002873900293255132,0.008096709934200788,3.096585349258487e-05
2.5309677419354837,0.00030498533724340174,0.004156160879588731,1.4216069963097738e-05
2.5258064516129033,0.0003695014662756598,0.01215577011704306,5.5136644213968224e-05
2.5329032258064514,0.0003225806451612903,0.002774943634529818,9.273541525420467e-06
2.530967741935484,0.00035190615835777126,0.013897199502282595,5.427201033232184e-05
2.5335483870967743,0.0003607038123167155,0.002413972507596026,3.5916271888316394e-06
2.5380645161290323,0.0003607038123167156,0.006563545144959923,3.5916271888316394e-06
2.5412903225806454,0.00035777126099706744,0.002580645161290401,9.944765371151426e-06
2.5329032258064514,0.00038416422287390026,0.0031275353918814885,5.486301153627477e-06
2.549677419354839,0.000375366568914956,0.007037878783635904,1.1912079772193492e-05
2.544516129032258,0.0003988269794721408,0.01279795769346926,2.9325513196480935e-06
2.5309677419354837,0.00041642228739002937,0.008631669780812706,3.5916271888316394e-06
2.5464516129032257,0.00041642228739002926,0.0007901579815429671,5.865102639296188e-06
2.54,0.00043988269794721413,0.006657989496951695,2.932551319648094e-05
2.536774193548387,0.00043988269794721413,0.0060864394400364195,6.5573840982398524e-06
2.549677419354839,0.00041348973607038114,0.007674436937658234,2.1449763692562745e-05
2.552258064516129,0.0004662756598240469,0.011331721335645329,7.183254377663279e-06
2.5541935483870963,0.00045454545454545455,0.0042551309542815914,1.5378428858799876e-05
2.5438709677419356,0.00048093841642228737,0.004399413450640635,5.48630115362748e-06
2.532258064516129,0.0005601173020527859,0.016257552475295662,7.624633431085041e-05
2.5451612903225804,0.0005014662756598241,0.003383254348935944,2.9325513196480935e-06
2.546451612903226,0.0005131964809384165,0.001935483870967684,9.273541525420467e-06
2.549677419354839,0.0005131964809384164,0.0026206575498825733,8.031122544064018e-06
2.5535483870967743,0.0005249266862170088,0.0024139725075960614,5.486301153627479e-06
2.5458064516129033,0.0005601173020527859,0.005241315099765165,2.1449763692562745e-05
2.5593548387096776,0.0005483870967741935,0.01043287847019115,4.461913212522856e-05
2.5632258064516127,0.0005366568914956011,0.00696355907900742,3.1652541268215396e-05
2.5593548387096776,0.0005601173020527859,0.0033211710132216295,5.486301153627479e-06
2.5593548387096776,0.0005777126099706744,0.0012903225806451422,5.865102639296187e-06
2.56,0.0005865102639296188,0.002187848381653352,9.273541525420484e-06
2.5651612903225804,0.0005718475073313783,0.010958250162234296,4.8186735264384116e-05
2.5677419354838706,0.000624633431085044,0.011764246792780963,1.645890346088243e-05
2.5638709677419356,0.0006070381231671556,0.0018809522241437168,5.8651026392962116e-06
2.547741935483871,0.0006480938416422288,0.009645107346920083,1.0774881566494919e-05
2.5470967741935486,0.0007096774193548388,0.014303096307997025,6.501407412725912e-05
2.552903225806452,0.0006510263929618769,0.011015078115460665,3.5916271888316394e-06
2.563870967741935,0.0006656891495601172,0.0006451612903225268,3.5916271888316394e-06
2.574193548387097,0.0006774193548387097,0.009837387536759367,5.486301153627479e-06
2.567096774193548,0.0006832844574780058,0.002774943634529813,9.944765371151419e-06
2.570967741935484,0.0006627565982404691,0.007213122508063879,2.6797165516857867e-05
2.565161290322581,0.0007096774193548388,0.00213975792926153,5.865102639296187e-06
2.550322580645161,0.0008005865102639296,0.01762719495782484,7.849711914559633e-05
2.5580645161290323,0.0007302052785923753,0.0062049626005392135,1.173020527859239e-05
2.5774193548387094,0.000750733137829912,0.011404948083654007,2.7974756639793128e-05
2.571612903225806,0.0007419354838709677,0.0018809522241437014,9.94476537115143e-06
2.5722580645161286,0.0007653958944281525,0.0024139725075960857,2.932551319648072e-06
2.5690322580645164,0.0007712609970674486,0.00516129032258063,7.4765682017489456e-06
2.5664516129032258,0.0007712609970674487,0.007468281872767898,9.944765371151419e-06
2.581290322580645,0.0007683284457478006,0.0053396597926603185,2.564934851104971e-05
2.5748387096774192,0.000782991202346041,0.006642342026443218,2.8051505087549838e-05
2.5748387096774192,0.0008181818181818183,0.0025806451612903846,5.48630115362748e-06
2.5748387096774197,0.00081524926686217,0.0018809522241436632,3.5916271888316394e-06
2.5793548387096776,0.0008299120234604105,0.0037619044482873265,9.944765371151419e-06
2.5909677419354837,0.000780058651026393,0.005716143595699786,3.019246375656011e-05
2.5787096774193548,0.0008563049853372433,0.0007901579815428947,3.5916271888316127e-06
2.5696774193548384,0.0008826979472140763,0.0021878483816532607,7.183254377663304e-06
2.578064516129032,0.0008914956011730205,0.0015803159630859342,2.9325513196480935e-06
2.5948387096774193,0.0008357771260997067,0.009655890030384355,3.500685157276636e-05
2.5799999999999996,0.0009032258064516129,0.001580315963085916,3.5916271888316394e-06
2.5961290322580646,0.0008914956011730205,0.01723317469573294,3.2589605235913276e-05
2.5832258064516127,0.0009296187683284458,0.001206986253798111,3.5916271888316394e-06
2.588387096774194,0.000906158357771261,0.011702165901430356,4.359550952292816e-05
2.578709677419355,0.0009501466275659825,0.0012903225806451648,5.48630115362748e-06
2.5916129032258066,0.0009501466275659825,0.006337704098189843,1.4216069963097738e-05
2.57741935483871,0.0009648093841642229,0.004080358271184963,2.9325513196480935e-06
2.561290322580645,0.001032258064516129,0.021029685178072993,3.9234862640057664e-05
2.583870967741935,0.000997067448680352,0.0032258064516129223,1.311476819647974e-05
2.5774193548387094,0.0010410557184750732,0.01781509841481815,4.7963129717877256e-05
2.581935483870968,0.0010175953079178887,0.003160631926171801,7.476568201748959e-06
2.583870967741935,0.0010410557184750732,0.0033832543489360077,6.5573840982398524e-06
2.572258064516129,0.0010791788856304987,0.008571180810055791,3.812316715542524e-05
2.5883870967741935,0.0010439882697947215,0.0016448450043848584,5.486301153627473e-06
2.5883870967741935,0.0010557184750733138,0.012266550543117087,6.557384098239803e-06
2.5832258064516127,0.0010762463343108506,0.005141089500164239,1.0972602307254972e-05
2.584516129032258,0.0010821114369501466,0.005531105870800716,5.486301153627521e-06
2.5916129032258066,0.0010645161290322581,0.005455333717834821,2.805150508754985e-05
2.589032258064516,0.00106158357771261,0.0132846840528864,4.188521072459151e-05
2.5948387096774193,0.001099706744868035,0.0060003468508833145,2.4093367632192034e-05
2.5961290322580646,0.0011319648093841644,0.005982979674513442,2.932551319648115e-06
2.590322580645161,0.0011466275659824045,0.0017668469596940585,7.183254377663292e-06
2.586451612903226,0.0011730205278592373,0.005038870758649489,1.911789561643004e-05
2.588387096774194,0.0011700879765395894,0.0026206575498825347,9.726172405734318e-06
2.5929032258064515,0.0011759530791788857,0.0015803159630859525,9.726172405734318e-06
2.5909677419354837,0.00118475073313783,0.0041310478951179785,2.932551319648115e-06
2.59741935483871,0.0011906158357771262,0.0018809522241437472,8.549782837016588e-06
2.594193548387097,0.0012082111436950147,0.0018809522241436556,3.5916271888316657e-06
2.5941935483870973,0.0012258064516129034,0.0037341409363839235,5.86510263929623e-06
2.5980645161290328,0.0012052785923753668,0.008810645344353345,3.388334313281921e-05
2.6083870967741936,0.0011964809384164222,0.007327623672000342,2.8051505087549845e-05
2.5961290322580646,0.0012609970674486801,0.0018809522241436025,4.6367707627102336e-06
2.583225806451613,0.0012639296187683282,0.008974469511770033,5.486301153627473e-06
2.599354838709677,0.001278592375366569,0.0012069862537980635,5.486301153627486e-06
2.612258064516129,0.0012580645161290322,0.009536609999415706,2.8733017510653125e-05
2.5980645161290323,0.0013108504398826979,0.0007901579815430034,7.476568201748926e-06
2.6019354838709683,0.001290322580645161,0.008810645344353354,3.5006851572766347e-05
2.592258064516129,0.0013225806451612903,0.006337704098189822,9.726172405734303e-06
2.594193548387097,0.001348973607038123,0.004255130954281555,8.031122544064038e-06
2.584516129032258,0.0013665689149560116,0.011693270297027013,2.3824159544386946e-05
2.605161290322581,0.0013489736070381232,0.0043994134506405436,1.606224508812803e-05
2.6129032258064515,0.0013753665689149558,0.007426364150465395,5.486301153627521e-06
2.5987096774193548,0.0013724340175953079,0.0038977567656757256,5.865102639296187e-06
2.586451612903226,0.001463343108504399,0.010958250162234175,5.233597741224264e-05
2.6006451612903225,0.0014193548387096775,0.003592106040535521,5.48630115362745e-06
2.596774193548387,0.0014486803519061584,0.005100447838981294,2.290395799386112e-05
2.604516129032258,0.00143108504398827,0.0016448450043847103,1.0972602307254911e-05
2.597419354838709,0.0014721407624633432,0.005141089500164308,2.8432139926195476e-05
2.605806451612903,0.001436950146627566,0.0037341409363839313,1.3114768196479668e-05
2.604516129032258,0.0014545454545454545,0.0037619044482872692,8.5497828370166e-06
2.6025806451612903,0.0014604105571847507,0.00694859975114135,2.4359600771020752e-05
2.5987096774193548,0.0014926686217008797,0.007037878783635904,5.486301153627521e-06
2.6,0.0015161290322580644,0.0028852490032256167,7.476568201748938e-06
2.5999999999999996,0.0015483870967741935,0.012617811106843855,5.339337670390945e-05
2.6096774193548393,0.001527859237536657,0.002280989616730828,2.9325513196480287e-06
2.6025806451612903,0.0015630498533724339,0.003592106040535485,1.2782694849092893e-05
2.5851612903225805,0.0016099706744868033,0.02136351056748184,5.9632549582588735e-05
2.606451612903226,0.0015718475073313782,0.0026989033114002835,8.549782837016588e-06
2.606451612903226,0.0015747800586510263,0.0038168256665159564,9.944765371151427e-06
2.621935483870968,0.0015718475073313782,0.010472698761772923,1.2613380156954013e-05
2.612903225806452,0.0015571847507331379,0.004892177705839756,1.7595307917888575e-05
2.583870967741935,0.0016803519061583578,0.01460545990022161,7.147247863316089e-05
2.6103225806451613,0.0016129032258064516,0.0044930284765110386,1.967215229471958e-05
2.6167741935483875,0.00163049853372434,0.0031275353918814885,1.2613380156953984e-05
2.611612903225806,0.0016363636363636365,0.0021878483816533717,1.0972602307254914e-05
2.615483870967742,0.001651026392961877,0.002139757929261637,3.5916271888316127e-06
2.6109677419354838,0.001653958944281525,0.0064192737877847,1.4953136403497891e-05
2.618709677419355,0.001683284457478006,0.008559031717046202,8.549782837016593e-06
2.609032258064516,0.0016744868035190618,0.009536609999415753,2.2903957993861157e-05
2.6070967741935482,0.0017272727272727272,0.004255130954281629,2.6797165516857833e-05
2.624516129032258,0.001653958944281525,0.011294929935491324,4.3841397031454686e-05
2.5941935483870973,0.0018005865102639295,0.01785593871367489,8.142782039246222e-05
2.595483870967742,0.0017947214076246335,0.022455876495428562,7.251767166497506e-05
2.615483870967742,0.0017448680351906157,0.0015803159630859251,0.0
2.6238709677419356,0.0017302052785923756,0.007184212081071026,3.311316654145514e-05
2.6090322580645164,0.001780058651026393,0.0025806451612903013,3.5916271888316657e-06
2.615483870967742,0.0017976539589442814,0.004827945015192188,1.5096231878280067e-05
2.61741935483871,0.001777126099706745,0.001935483870967743,2.290395799386115e-05
2.618064516129032,0.0018035190615835778,0.0019354838709677135,1.2267742324546548e-05
2.6180645161290323,0.0018240469208211144,0.004156160879588813,3.5916271888316127e-06
2.6251612903225805,0.0017917888563049854,0.005339659792660236,2.242970460524687e-05
2.621935483870968,0.0018357771260997067,0.002580645161290268,9.726172405734281e-06
2.620645161290323,0.0018621700879765395,0.00164484500438478,4.6367707627102336e-06
2.609677419354839,0.0018680351906158357,0.006531760235908558,7.476568201748976e-06
2.6129032258064515,0.001906158357771261,0.010891576139441386,4.885141128726591e-05
2.612258064516129,0.0019090909090909093,0.004131047895117972,1.077488156649489e-05
2.611612903225806,0.0018973607038123169,0.006255070783763083,3.5916271888316127e-06
2.6180645161290323,0.001909090909090909,0.004279515858523107,1.6973367892654293e-05
2.6316129032258067,0.001900293255131965,0.010067410667307812,2.647429631270932e-05
2.6245161290322576,0.0019237536656891495,0.0065793800175390806,1.1730205278592374e-05
2.614838709677419,0.0019560117302052783,0.002812192866800449,9.94476537115137e-06
2.6232258064516127,0.001970674486803519,0.003444218790977887,5.865102639296193e-06
2.6103225806451613,0.00198533724340176,0.007993233350557386,1.097260230725504e-05
2.618709677419355,0.0019824046920821113,0.004718948012363766,8.549782837016633e-06
2.6425806451612903,0.0020000000000000005,0.014001635105942394,5.86510263929623e-06
2.604516129032258,0.002073313782991202,0.017861765419234954,8.719101904585628e-05
2.6335483870967744,0.0019912023460410553,0.006086439440036551,1.697336789265436e-05
2.6025806451612903,0.002129032258064516,0.017739002690151662,7.638719224417075e-05
2.6116129032258066,0.002085043988269795,0.016996051448154234,7.098955094962e-05
2.629032258064516,0.0020351906158357774,0.002280989616730828,1.4216069963097746e-05
2.6238709677419356,0.00206158357771261,0.0028121928668004797,1.2782694849092854e-05
2.626451612903226,0.0020674486803519063,0.0034442187909778667,1.22677423245466e-05
2.623225806451613,0.0021055718475073313,0.004607373179705062,1.2782694849092768e-05
2.621935483870968,0.002111436950146628,0.008974469511769972,3.561571202783316e-05
2.626451612903226,0.0021143695014662757,0.0027749436345299006,2.9325513196480287e-06
2.6270967741935483,0.002126099706744868,0.0073982870588256144,2.7036787264788486e-05
2.626451612903226,0.002140762463343108,0.003592106040535485,6.557384098239901e-06
2.6277419354838707,0.002164222873900293,0.004740947889257718,1.3597681078439469e-05
2.6329032258064515,0.002155425219941349,0.0034442187909778125,8.031122544064079e-06
2.62,0.0022521994134897362,0.025652768196220647,9.475363297010854e-05
2.6148387096774193,0.0022199413489736074,0.01053214691439648,4.289952738512547e-05
2.645806451612903,0.002158357771260997,0.013663108764224047,8.549782837016633e-06
2.6483870967741936,0.0021260997067448677,0.015637676959407515,1.6718114737523988e-05
2.6193548387096772,0.00218475073313783,0.0026989033114002306,1.911789561643003e-05
2.6393548387096777,0.002161290322580645,0.01461970218532214,5.86510263929623e-06
2.6270967741935487,0.0021407624633431083,0.0029914898372566394,9.273541525420467e-06
2.626451612903226,0.0021671554252199418,0.0015803159630859433,2.932551319648115e-06
2.623225806451613,0.002158357771260997,0.0029565004483585533,5.48630115362752e-06
2.623870967741935,0.002178885630498534,0.005261131106548413,2.391423230249281e-05
2.6258064516129034,0.002161290322580645,0.002698903311400257,7.476568201749006e-06
2.6483870967741936,0.0021495601173020526,0.014569793278240194,3.5916271888316657e-06
2.6270967741935487,0.002155425219941349,0.005455333717834732,1.0368134621503708e-05
2.6245161290322576,0.0021524926686217007,0.004849450444636356,5.48630115362752e-06
2.6103225806451613,0.0022228739002932547,0.012510141567525992,6.484851726538416e-05
2.6258064516129034,0.002178885630498534,0.007067387838776243,3.1652541268215464e-05
2.6393548387096777,0.0021495601173020526,0.0043756967633066125,5.86510263929623e-06
2.6277419354838707,0.0021700879765395894,0.005059479723018816,1.2267742324546575e-05
2.609677419354839,0.00224633431085044,0.017989475475611215,8.415451526264954e-05
2.636129032258064,0.0022052785923753664,0.014619702185322084,3.6392004826952673e-05
2.614193548387097,0.0022258064516129036,0.014483835045576498,5.2130172535575336e-05
2.626451612903226,0.002161290322580645,0.0006451612903226378,7.476568201749006e-06
2.6322580645161286,0.0021524926686217007,0.003383254348935944,8.549782837016633e-06
2.5929032258064515,0.0023020527859237533,0.018709677419354743,9.615012498976542e-05
2.6290322580645165,0.002158357771260997,0.0022809896167307964,5.48630115362752e-06
2.629032258064516,0.002155425219941349,0.002698903311400204,4.6367707627102675e-06
2.6316129032258067,0.0021524926686217007,0.002580645161290351,8.549782837016632e-06
2.6206451612903225,0.002181818181818182,0.002620657549882513,2.0422856711413655e-05
2.6309677419354833,0.002161290322580645,0.002620657549882644,3.5916271888316657e-06
2.6316129032258067,0.002158357771260997,0.00213975792926153,2.932551319648115e-06
2.628387096774193,0.0021495601173020526,0.0027749436345298594,9.944765371151492e-06
2.6258064516129034,0.002164222873900293,0.007426364150465347,1.7099565674033185e-05
2.627741935483871,0.0021700879765395894,0.003474299875570679,4.6367707627102675e-06
2.6477419354838707,0.002126099706744868,0.011648690377592192,1.8547083050840863e-05
2.6051612903225805,0.0022463343108504396,0.015456965871885029,8.009677585775761e-05
2.6303225806451613,0.0021495601173020526,0.0026206575498825893,3.5916271888316657e-06
2.6406451612903226,0.002164222873900293,0.010025980818012948,8.797653958944345e-06
2.629032258064516,0.002155425219941349,0.001442624501612796,6.557384098239901e-06
2.6206451612903225,0.0021759530791788857,0.003897756765675633,9.944765371151492e-06
2.632258064516129,0.002131964809384164,0.00456197923346153,1.2782694849092808e-05
2.6341935483870964,0.0021495601173020526,0.006086439440036557,7.476568201749006e-06
2.6232258064516127,0.0021700879765395894,0.0012069862537980635,1.2267742324546575e-05
2.6129032258064515,0.00218475073313783,0.012740914618149404,4.147253848601456e-05
2.6399999999999997,0.0021524926686217007,0.006499819896648338,7.183254377663331e-06
2.625161290322581,0.002161290322580645,0.005141089500164239,1.1912079772193578e-05
2.6316129032258067,0.0021495601173020526,0.005141089500164256,1.7717076207616637e-05
